timestamp,station_id,station_name,aqi,pm25,pm10,temperature,humidity
2025-05-05 21:11:01,-416842,Jakarta GBK,110,110,51,,
2025-05-05 21:11:01,8294,"Jakarta, Indonesia",76,76,,27,80.5
2025-05-05 22:09:34,-416842,Jakarta GBK,109,109,51,,
2025-05-05 22:09:34,8294,"Jakarta, Indonesia",82,82,,27,83
2025-05-05 23:11:47,-416842,Jakarta GBK,108,108,50,,
2025-05-05 23:11:47,8294,"Jakarta, Indonesia",85,85,,26,88
2025-05-06 00:08:00,-416842,Jakarta GBK,107,107,50,,
2025-05-06 00:08:00,8294,"Jakarta, Indonesia",91,91,,26,88
2025-05-06 01:10:24,-416842,Jakarta GBK,104,104,48,,
2025-05-06 01:10:24,8294,"Jakarta, Indonesia",91,91,,26,88
2025-05-06 02:06:51,-416842,Jakarta GBK,101,101,46,,
2025-05-06 02:06:51,8294,"Jakarta, Indonesia",91,91,,26,88
2025-05-06 03:10:08,-416842,Jakarta GBK,98,98,44,,
2025-05-06 03:10:08,8294,"Jakarta, Indonesia",125,125,,26,88
2025-05-06 04:08:11,-416842,Jakarta GBK,94,94,41,,
2025-05-06 04:08:11,8294,"Jakarta, Indonesia",110,110,,26,88
2025-05-06 05:08:47,-416842,Jakarta GBK,87,87,37,,
2025-05-06 05:08:47,8294,"Jakarta, Indonesia",128,128,,26,88
2025-05-06 06:08:32,-416842,Jakarta GBK,79,79,32,,
2025-05-06 06:08:32,8294,"Jakarta, Indonesia",114,114,,26,88
2025-05-06 07:44:32,-416842,Jakarta GBK,72,72,28,,
2025-05-06 07:44:32,8294,"Jakarta, Indonesia",131,131,,25,94
2025-05-06 09:25:30,-416842,Jakarta GBK,68,68,26,,
2025-05-06 09:25:30,8294,"Jakarta, Indonesia",131,131,,25,94
2025-05-06 10:32:52,-416842,Jakarta GBK,68,68,26,,
2025-05-06 10:32:52,8294,"Jakarta, Indonesia",92,92,,31,66
2025-05-06 11:11:55,-416842,Jakarta GBK,68,68,26,,
2025-05-06 11:11:55,8294,"Jakarta, Indonesia",92,92,,31,66
2025-05-06 12:09:37,-416842,Jakarta GBK,69,69,26,,
2025-05-06 12:09:37,8294,"Jakarta, Indonesia",107,107,,31,66
2025-05-06 13:13:25,-416842,Jakarta GBK,69,69,26,,
2025-05-06 13:13:25,8294,"Jakarta, Indonesia",115,115,,33,55
2025-05-06 14:09:44,-416842,Jakarta GBK,70,70,26,,
2025-05-06 14:09:44,8294,"Jakarta, Indonesia",123,123,,34,56
2025-05-06 15:13:28,-416842,Jakarta GBK,70,70,27,,
2025-05-06 15:13:28,8294,"Jakarta, Indonesia",128,128,,34,56
2025-05-06 16:10:03,-416842,Jakarta GBK,70,70,27,,
2025-05-06 16:10:03,8294,"Jakarta, Indonesia",128,128,,34,56
2025-05-06 17:09:58,-416842,Jakarta GBK,71,71,27,,
2025-05-06 17:09:58,8294,"Jakarta, Indonesia",86,86,,33,59
2025-05-06 18:08:00,-416842,Jakarta GBK,71,71,27,,
2025-05-06 18:08:00,8294,"Jakarta, Indonesia",86,86,,33,59
2025-05-06 19:18:44,-416842,Jakarta GBK,72,72,27,,
2025-05-06 19:18:44,8294,"Jakarta, Indonesia",86,86,,33,59
2025-05-06 20:23:53,-416842,Jakarta GBK,74,74,28,,
2025-05-06 20:23:53,8294,"Jakarta, Indonesia",86,86,,33,59
2025-05-06 21:09:20,-416842,Jakarta GBK,74,74,29,,
2025-05-06 21:09:20,8294,"Jakarta, Indonesia",86,86,,33,59
2025-05-06 22:12:59,-416842,Jakarta GBK,74,74,29,,
2025-05-06 22:12:59,8294,"Jakarta, Indonesia",86,86,,33,59
2025-05-06 23:11:15,-416842,Jakarta GBK,74,74,29,,
2025-05-06 23:11:15,8294,"Jakarta, Indonesia",86,86,,33,59
2025-05-07 00:08:22,-416842,Jakarta GBK,73,73,28,,
2025-05-07 00:08:22,8294,"Jakarta, Indonesia",86,86,,33,59
2025-05-07 01:12:44,-416842,Jakarta GBK,73,73,28,,
2025-05-07 01:12:44,8294,"Jakarta, Indonesia",86,86,,33,59
2025-05-07 02:06:57,-416842,Jakarta GBK,74,74,29,,
2025-05-07 02:06:57,8294,"Jakarta, Indonesia",86,86,,33,59
2025-05-07 03:10:15,-416842,Jakarta GBK,74,74,29,,
2025-05-07 03:10:15,8294,"Jakarta, Indonesia",86,86,,33,59
2025-05-07 04:08:15,-416842,Jakarta GBK,73,73,28,,
2025-05-07 04:08:15,8294,"Jakarta, Indonesia",86,86,,33,59
2025-05-07 05:08:32,-416842,Jakarta GBK,72,72,28,,
2025-05-07 05:08:32,8294,"Jakarta, Indonesia",86,86,,33,59
2025-05-07 06:08:38,-416842,Jakarta GBK,71,71,28,,
2025-05-07 06:08:38,8294,"Jakarta, Indonesia",86,86,,33,59
2025-05-07 07:44:31,-416842,Jakarta GBK,70,70,27,,
2025-05-07 07:44:31,8294,"Jakarta, Indonesia",86,86,,33,59
2025-05-07 09:26:36,-416842,Jakarta GBK,70,70,27,,
2025-05-07 09:26:36,8294,"Jakarta, Indonesia",86,86,,33,59
2025-05-07 10:34:16,-416842,Jakarta GBK,70,70,27,,
2025-05-07 10:34:16,8294,"Jakarta, Indonesia",86,86,,33,59
2025-05-07 11:12:04,-416842,Jakarta GBK,70,70,27,,
2025-05-07 11:12:04,8294,"Jakarta, Indonesia",86,86,,33,59
2025-05-07 12:09:43,-416842,Jakarta GBK,70,70,27,,
2025-05-07 12:09:43,8294,"Jakarta, Indonesia",86,86,,32.8,62.1
2025-05-07 13:13:39,-416842,Jakarta GBK,70,70,27,,
2025-05-07 13:13:39,8294,"Jakarta, Indonesia",96,96,,32.6,64.4
2025-05-07 14:09:55,-416842,Jakarta GBK,70,70,27,,
2025-05-07 14:09:55,8294,"Jakarta, Indonesia",93,93,,33,66
2025-05-07 15:13:37,-416842,Jakarta GBK,71,71,28,,
2025-05-07 15:13:37,8294,"Jakarta, Indonesia",87,87,,32,70
2025-05-07 16:10:13,-416842,Jakarta GBK,72,72,28,,
2025-05-07 16:10:13,8294,"Jakarta, Indonesia",106,106,,32,70
2025-05-07 17:10:10,-416842,Jakarta GBK,74,74,30,,
2025-05-07 17:10:10,8294,"Jakarta, Indonesia",52,52,,32,70
2025-05-07 18:08:09,-416842,Jakarta GBK,75,75,30,,
2025-05-07 18:08:09,8294,"Jakarta, Indonesia",70,70,,32,70
2025-05-07 19:17:39,-416842,Jakarta GBK,79,79,33,,
2025-05-07 19:17:39,8294,"Jakarta, Indonesia",89,89,,32,70
2025-05-07 20:25:22,-416842,Jakarta GBK,83,83,35,,
2025-05-07 20:25:22,8294,"Jakarta, Indonesia",104,104,,32,70
2025-05-07 21:09:39,-416842,Jakarta GBK,88,88,38,,
2025-05-07 21:09:39,8294,"Jakarta, Indonesia",155,155,,32,70
2025-05-07 22:10:13,-416842,Jakarta GBK,91,91,40,,
2025-05-07 22:10:13,8294,"Jakarta, Indonesia",156,156,,32,70
2025-05-07 23:11:39,-416842,Jakarta GBK,96,96,43,,
2025-05-07 23:11:39,8294,"Jakarta, Indonesia",157,157,,26.9,85.2
2025-05-08 00:08:35,-416842,Jakarta GBK,103,103,48,,
2025-05-08 00:08:35,8294,"Jakarta, Indonesia",161,161,,26.2,89.3
2025-05-08 01:13:21,-416842,Jakarta GBK,123,123,54,,
2025-05-08 01:13:21,8294,"Jakarta, Indonesia",161,161,,26.2,89.3
2025-05-08 02:07:25,-416842,Jakarta GBK,140,140,59,,
2025-05-08 02:07:25,8294,"Jakarta, Indonesia",161,161,,26.2,89.3
2025-05-08 03:10:18,-416842,Jakarta GBK,151,151,63,,
2025-05-08 03:10:18,8294,"Jakarta, Indonesia",160,160,,26,91.5
2025-05-08 04:08:37,-416842,Jakarta GBK,153,153,67,,
2025-05-08 04:08:37,8294,"Jakarta, Indonesia",167,167,,24.9,95.3
2025-05-08 05:09:06,-416842,Jakarta GBK,156,156,71,,
2025-05-08 05:09:06,8294,"Jakarta, Indonesia",169,169,,24.9,95.3
2025-05-08 06:08:45,-416842,Jakarta GBK,159,159,75,,
2025-05-08 06:08:45,8294,"Jakarta, Indonesia",160,160,,24.9,95.3
2025-05-08 07:45:01,-416842,Jakarta GBK,163,163,80,,
2025-05-08 07:45:01,8294,"Jakarta, Indonesia",158,158,,26.2,89.8
2025-05-08 09:27:36,-416842,Jakarta GBK,108,108,50,,
2025-05-08 09:27:36,8294,"Jakarta, Indonesia",155,155,,31.1,67.2
2025-05-08 10:35:20,-416842,Jakarta GBK,108,108,50,,
2025-05-08 10:35:20,8294,"Jakarta, Indonesia",128,128,,32.2,60.5
2025-05-08 11:13:31,-416842,Jakarta GBK,108,108,50,,
2025-05-08 11:13:31,8294,"Jakarta, Indonesia",128,128,,32.2,60.5
2025-05-08 12:10:09,-416842,Jakarta GBK,108,108,50,,
2025-05-08 12:10:09,8294,"Jakarta, Indonesia",101,101,,32.6,58.1
2025-05-08 13:13:43,-416842,Jakarta GBK,108,108,50,,
2025-05-08 13:13:43,8294,"Jakarta, Indonesia",110,110,,32.6,58.1
2025-05-08 14:09:47,-416842,Jakarta GBK,108,108,50,,
2025-05-08 14:09:47,8294,"Jakarta, Indonesia",128,128,,32.7,63.2
2025-05-08 15:12:52,-416842,Jakarta GBK,107,107,49,,
2025-05-08 15:12:52,8294,"Jakarta, Indonesia",103,103,,32.5,62.1
2025-05-08 16:10:10,-416842,Jakarta GBK,106,106,49,,
2025-05-08 16:10:10,8294,"Jakarta, Indonesia",97,97,,32.5,64.3
2025-05-08 17:10:32,-416842,Jakarta GBK,103,103,47,,
2025-05-08 17:10:32,8294,"Jakarta, Indonesia",89,89,,31.7,66.1
2025-05-08 18:07:56,-416842,Jakarta GBK,101,101,46,,
2025-05-08 18:07:56,8294,"Jakarta, Indonesia",85,85,,30.9,69.6
2025-05-08 19:16:56,-416842,Jakarta GBK,95,95,43,,
2025-05-08 19:16:56,8294,"Jakarta, Indonesia",101,101,,30.9,69.6
2025-05-08 20:22:50,-416842,Jakarta GBK,88,88,39,,
2025-05-08 20:22:50,8294,"Jakarta, Indonesia",78,78,,29.2,79.6
2025-05-08 21:09:01,-416842,Jakarta GBK,81,81,35,,
2025-05-08 21:09:01,8294,"Jakarta, Indonesia",96,96,,28.1,86.3
2025-05-08 22:09:26,-416842,Jakarta GBK,75,75,30,,
2025-05-08 22:09:26,8294,"Jakarta, Indonesia",81,81,,28.1,80.4
2025-05-08 23:11:17,-416842,Jakarta GBK,69,69,26,,
2025-05-08 23:11:17,8294,"Jakarta, Indonesia",93,93,,28.1,80.4
2025-05-09 00:08:11,-416842,Jakarta GBK,65,65,23,,
2025-05-09 00:08:11,8294,"Jakarta, Indonesia",152,152,,27,88
2025-05-09 01:12:41,-416842,Jakarta GBK,65,65,23,,
2025-05-09 01:12:41,8294,"Jakarta, Indonesia",152,152,,27,88
2025-05-09 02:07:23,-416842,Jakarta GBK,65,65,23,,
2025-05-09 02:07:23,8294,"Jakarta, Indonesia",152,152,,27,88
2025-05-09 03:10:21,-416842,Jakarta GBK,65,65,23,,
2025-05-09 03:10:21,8294,"Jakarta, Indonesia",117,117,,27,88
2025-05-09 04:08:17,-416842,Jakarta GBK,66,66,23,,
2025-05-09 04:08:17,8294,"Jakarta, Indonesia",99,99,,26,94
2025-05-09 05:08:44,-416842,Jakarta GBK,68,68,24,,
2025-05-09 05:08:44,8294,"Jakarta, Indonesia",96,96,,26,94
2025-05-09 06:09:20,-416842,Jakarta GBK,69,69,25,,
2025-05-09 06:09:20,8294,"Jakarta, Indonesia",94,94,,26,94
2025-05-09 07:44:28,-416842,Jakarta GBK,70,70,26,,
2025-05-09 07:44:28,8294,"Jakarta, Indonesia",112,112,,25,100
2025-05-09 09:26:22,-416842,Jakarta GBK,70,70,26,,
2025-05-09 09:26:22,8294,"Jakarta, Indonesia",127,127,,28,83
2025-05-09 10:34:21,-416842,Jakarta GBK,70,70,26,,
2025-05-09 10:34:21,8294,"Jakarta, Indonesia",151,151,,29,74
2025-05-09 11:12:45,-416842,Jakarta GBK,69,69,25,,
2025-05-09 11:12:45,8294,"Jakarta, Indonesia",151,151,,29,74
2025-05-09 12:09:48,-416842,Jakarta GBK,69,69,25,,
2025-05-09 12:09:48,8294,"Jakarta, Indonesia",130,130,,32,66
2025-05-09 13:14:03,-416842,Jakarta GBK,68,68,25,,
2025-05-09 13:14:03,8294,"Jakarta, Indonesia",81,81,,32,66
2025-05-09 14:09:26,-416842,Jakarta GBK,68,68,25,,
2025-05-09 14:09:26,8294,"Jakarta, Indonesia",80,80,,33,59
2025-05-09 15:12:44,-416842,Jakarta GBK,67,67,24,,
2025-05-09 15:12:44,8294,"Jakarta, Indonesia",80,80,,33,55
2025-05-09 16:09:43,-416842,Jakarta GBK,67,67,24,,
2025-05-09 16:09:43,8294,"Jakarta, Indonesia",85,85,,32,66
2025-05-09 17:09:46,-416842,Jakarta GBK,66,66,24,,
2025-05-09 17:09:46,8294,"Jakarta, Indonesia",79,79,,32,62
2025-05-09 18:07:42,-416842,Jakarta GBK,66,66,24,,
2025-05-09 18:07:42,8294,"Jakarta, Indonesia",69,69,,32,66
2025-05-09 19:16:28,-416842,Jakarta GBK,66,66,24,,
2025-05-09 19:16:28,8294,"Jakarta, Indonesia",90,90,,30,70
2025-05-09 20:21:09,-416842,Jakarta GBK,66,66,24,,
2025-05-09 20:21:09,8294,"Jakarta, Indonesia",106,106,,30,70
2025-05-09 21:09:00,-416842,Jakarta GBK,65,65,24,,
2025-05-09 21:09:00,8294,"Jakarta, Indonesia",145,145,,29,79
2025-05-09 22:09:11,-416842,Jakarta GBK,65,65,24,,
2025-05-09 22:09:11,8294,"Jakarta, Indonesia",140,140,,29,83
2025-05-09 23:10:57,-416842,Jakarta GBK,64,64,23,,
2025-05-09 23:10:57,8294,"Jakarta, Indonesia",95,95,,28,83
2025-05-10 00:07:55,-416842,Jakarta GBK,63,63,23,,
2025-05-10 00:07:55,8294,"Jakarta, Indonesia",63,63,,28,83
2025-05-10 01:12:15,-416842,Jakarta GBK,63,63,23,,
2025-05-10 01:12:15,8294,"Jakarta, Indonesia",63,63,,28,83
2025-05-10 02:07:07,-416842,Jakarta GBK,63,63,24,,
2025-05-10 02:07:07,8294,"Jakarta, Indonesia",63,63,,28,83
2025-05-10 03:10:08,-416842,Jakarta GBK,63,63,24,,
2025-05-10 03:10:08,8294,"Jakarta, Indonesia",85,85,,27,88
2025-05-10 04:07:46,-416842,Jakarta GBK,65,65,25,,
2025-05-10 04:07:46,8294,"Jakarta, Indonesia",84,84,,27,88
2025-05-10 05:08:28,-416842,Jakarta GBK,66,66,25,,
2025-05-10 05:08:28,8294,"Jakarta, Indonesia",100,100,,27,88
2025-05-10 06:08:18,-416842,Jakarta GBK,69,69,27,,
2025-05-10 06:08:18,8294,"Jakarta, Indonesia",134,134,,27,88
2025-05-10 07:42:31,-416842,Jakarta GBK,72,72,28,,
2025-05-10 07:42:31,8294,"Jakarta, Indonesia",165,165,,27,94
2025-05-10 09:21:25,-416842,Jakarta GBK,72,72,28,,
2025-05-10 09:21:25,8294,"Jakarta, Indonesia",166,166,,29,79
2025-05-10 10:29:40,-416842,Jakarta GBK,73,73,29,,
2025-05-10 10:29:40,8294,"Jakarta, Indonesia",157,157,,32,66
2025-05-10 11:10:12,-416842,Jakarta GBK,74,74,29,,
2025-05-10 11:10:12,8294,"Jakarta, Indonesia",157,157,,32,66
2025-05-10 12:08:43,-416842,Jakarta GBK,74,74,29,,
2025-05-10 12:08:43,8294,"Jakarta, Indonesia",152,152,,33,59
2025-05-10 13:11:29,-416842,Jakarta GBK,76,76,30,,
2025-05-10 13:11:29,8294,"Jakarta, Indonesia",157,157,,34,52
2025-05-10 14:07:39,-416842,Jakarta GBK,78,78,31,,
2025-05-10 14:07:39,8294,"Jakarta, Indonesia",165,165,,33,62
2025-05-10 15:10:48,-416842,Jakarta GBK,80,80,32,,
2025-05-10 15:10:48,8294,"Jakarta, Indonesia",155,155,,31.5,68
2025-05-10 16:08:14,-416842,Jakarta GBK,81,81,33,,
2025-05-10 16:08:14,8294,"Jakarta, Indonesia",136,136,,26,94
2025-05-10 17:08:30,-416842,Jakarta GBK,82,82,33,,
2025-05-10 17:08:30,8294,"Jakarta, Indonesia",112,112,,27,88
2025-05-10 18:07:10,-416842,Jakarta GBK,82,82,33,,
2025-05-10 18:07:10,8294,"Jakarta, Indonesia",96,96,,27,88
2025-05-10 19:14:27,-416842,Jakarta GBK,87,87,35,,
2025-05-10 19:14:27,8294,"Jakarta, Indonesia",122,122,,27,88
2025-05-10 20:17:07,-416842,Jakarta GBK,91,91,37,,
2025-05-10 20:17:07,8294,"Jakarta, Indonesia",129,129,,27,88
2025-05-10 21:07:28,-416842,Jakarta GBK,94,94,39,,
2025-05-10 21:07:28,8294,"Jakarta, Indonesia",138,138,,27,88
2025-05-10 22:07:36,-416842,Jakarta GBK,98,98,41,,
2025-05-10 22:07:36,8294,"Jakarta, Indonesia",155,155,,27,88
2025-05-10 23:09:26,-416842,Jakarta GBK,100,100,42,,
2025-05-10 23:09:26,8294,"Jakarta, Indonesia",153,153,,26,94
2025-05-11 00:06:54,-416842,Jakarta GBK,100,100,42,,
2025-05-11 00:06:54,8294,"Jakarta, Indonesia",124,124,,26,94
2025-05-11 01:10:45,-416842,Jakarta GBK,106,106,45,,
2025-05-11 01:10:45,8294,"Jakarta, Indonesia",124,124,,26,94
2025-05-11 02:06:40,-416842,Jakarta GBK,106,106,45,,
2025-05-11 02:06:40,8294,"Jakarta, Indonesia",124,124,,26,94
2025-05-11 03:08:58,-416842,Jakarta GBK,114,114,48,,
2025-05-11 03:08:58,8294,"Jakarta, Indonesia",121,121,,26,94
2025-05-11 04:07:09,-416842,Jakarta GBK,119,119,50,,
2025-05-11 04:07:09,8294,"Jakarta, Indonesia",104,104,,26,94
2025-05-11 05:07:20,-416842,Jakarta GBK,125,125,52,,
2025-05-11 05:07:20,8294,"Jakarta, Indonesia",87,87,,25,100
2025-05-11 06:07:55,-416842,Jakarta GBK,125,125,52,,
2025-05-11 06:07:55,8294,"Jakarta, Indonesia",151,151,,25,100
2025-05-11 07:48:55,-416842,Jakarta GBK,128,128,53,,
2025-05-11 07:48:55,8294,"Jakarta, Indonesia",158,158,,26,94
2025-05-11 09:38:27,-416842,Jakarta GBK,125,125,52,,
2025-05-11 09:38:27,8294,"Jakarta, Indonesia",153,153,,30,70
2025-05-11 10:36:17,-416842,Jakarta GBK,124,124,52,,
2025-05-11 10:36:17,8294,"Jakarta, Indonesia",88,88,,31,66
2025-05-11 11:12:23,-416842,Jakarta GBK,122,122,51,,
2025-05-11 11:12:23,8294,"Jakarta, Indonesia",88,88,,31,66
2025-05-11 12:08:48,-416842,Jakarta GBK,121,121,51,,
2025-05-11 12:08:48,8294,"Jakarta, Indonesia",56,56,,32,55
2025-05-11 13:11:59,-416842,Jakarta GBK,119,119,51,,
2025-05-11 13:11:59,8294,"Jakarta, Indonesia",51,51,,33,55
2025-05-11 14:03:07,-416842,Jakarta GBK,119,119,51,,
2025-05-11 14:03:07,8294,"Jakarta, Indonesia",65,65,,33,55
2025-05-11 14:08:22,-416842,Jakarta GBK,118,118,51,,
2025-05-11 14:08:22,8294,"Jakarta, Indonesia",65,65,,33,55
2025-05-11 15:11:00,-416842,Jakarta GBK,116,116,50,,
2025-05-11 15:11:00,8294,"Jakarta, Indonesia",99,99,,30,70
2025-05-11 16:08:39,-416842,Jakarta GBK,115,115,50,,
2025-05-11 16:08:39,8294,"Jakarta, Indonesia",152,152,,27,83
2025-05-11 17:08:21,-416842,Jakarta GBK,115,115,50,,
2025-05-11 17:08:21,8294,"Jakarta, Indonesia",64,64,,26,88
2025-05-13 18:43:27,-416842,Jakarta GBK,45,45,16,,
2025-05-13 18:43:27,8294,"Jakarta, Indonesia",72,72,,28,83
2025-05-13 18:46:33,-416842,Jakarta GBK,45,45,16,,
2025-05-13 18:46:33,8294,"Jakarta, Indonesia",72,72,,28,83
2025-05-13 19:18:16,-416842,Jakarta GBK,45,45,16,,
2025-05-13 19:18:16,8294,"Jakarta, Indonesia",72,72,,28,83
2025-05-13 20:25:18,-416842,Jakarta GBK,45,45,16,,
2025-05-13 20:25:18,8294,"Jakarta, Indonesia",86,86,,25,94
2025-05-13 21:09:41,-416842,Jakarta GBK,46,46,17,,
2025-05-13 21:09:41,8294,"Jakarta, Indonesia",68,68,,25,94
2025-05-13 22:09:14,-416842,Jakarta GBK,48,48,18,,
2025-05-13 22:09:14,8294,"Jakarta, Indonesia",43,43,,25,94
2025-05-13 23:11:46,-416842,Jakarta GBK,50,50,18,,
2025-05-13 23:11:46,8294,"Jakarta, Indonesia",59,59,,25,97
2025-05-14 00:08:51,-416842,Jakarta GBK,55,55,21,,
2025-05-14 00:08:51,8294,"Jakarta, Indonesia",72,72,,25,100
2025-05-14 01:13:10,-416842,Jakarta GBK,60,60,24,,
2025-05-14 01:13:10,8294,"Jakarta, Indonesia",72,72,,25,100
2025-05-14 02:07:34,-416842,Jakarta GBK,66,66,27,,
2025-05-14 02:07:34,8294,"Jakarta, Indonesia",72,72,,25,100
2025-05-14 03:10:51,-416842,Jakarta GBK,66,66,27,,
2025-05-14 03:10:51,8294,"Jakarta, Indonesia",101,101,,25,100
2025-05-14 04:08:30,-416842,Jakarta GBK,86,86,40,,
2025-05-14 04:08:30,8294,"Jakarta, Indonesia",102,102,,25,100
2025-05-14 05:09:06,-416842,Jakarta GBK,101,101,50,,
2025-05-14 05:09:06,8294,"Jakarta, Indonesia",105,105,,25,94
2025-05-14 06:08:52,-416842,Jakarta GBK,118,118,55,,
2025-05-14 06:08:52,8294,"Jakarta, Indonesia",103,103,,25,94
2025-05-14 07:45:24,-416842,Jakarta GBK,129,129,59,,
2025-05-14 07:45:24,8294,"Jakarta, Indonesia",133,133,,25,94
2025-05-14 09:26:41,-416842,Jakarta GBK,132,132,60,,
2025-05-14 09:26:41,8294,"Jakarta, Indonesia",151,151,,28,83
2025-05-14 10:34:53,-416842,Jakarta GBK,133,133,60,,
2025-05-14 10:34:53,8294,"Jakarta, Indonesia",122,122,,31,66
2025-05-14 11:13:31,-416842,Jakarta GBK,133,133,60,,
2025-05-14 11:13:31,8294,"Jakarta, Indonesia",122,122,,31,66
2025-05-14 12:10:01,-416842,Jakarta GBK,133,133,60,,
2025-05-14 12:10:01,8294,"Jakarta, Indonesia",117,117,,31,62
2025-05-14 13:13:59,-416842,Jakarta GBK,134,134,60,,
2025-05-14 13:13:59,8294,"Jakarta, Indonesia",107,107,,31,66
2025-05-14 14:09:51,-416842,Jakarta GBK,136,136,61,,
2025-05-14 14:09:51,8294,"Jakarta, Indonesia",99,99,,28,83
2025-05-14 15:13:14,-416842,Jakarta GBK,136,136,61,,
2025-05-14 15:13:14,8294,"Jakarta, Indonesia",86,86,,26,83
2025-05-14 16:10:29,-416842,Jakarta GBK,136,136,61,,
2025-05-14 16:10:29,8294,"Jakarta, Indonesia",62,62,,30,74
2025-05-14 17:10:24,-416842,Jakarta GBK,136,136,61,,
2025-05-14 17:10:24,8294,"Jakarta, Indonesia",74,74,,30.5,70
2025-05-14 18:08:11,-416842,Jakarta GBK,136,136,61,,
2025-05-14 18:08:11,8294,"Jakarta, Indonesia",66,66,,30,79
2025-05-14 19:17:15,-416842,Jakarta GBK,137,137,61,,
2025-05-14 19:17:15,8294,"Jakarta, Indonesia",82,82,,28,83
2025-05-14 20:23:26,-416842,Jakarta GBK,138,138,61,,
2025-05-14 20:23:26,8294,"Jakarta, Indonesia",73,73,,27,83
2025-05-14 21:09:59,-416842,Jakarta GBK,138,138,61,,
2025-05-14 21:09:59,8294,"Jakarta, Indonesia",89,89,,27,83
2025-05-14 22:09:58,-416842,Jakarta GBK,137,137,61,,
2025-05-14 22:09:58,8294,"Jakarta, Indonesia",120,120,,27,83
2025-05-14 23:11:34,-416842,Jakarta GBK,136,136,61,,
2025-05-14 23:11:34,8294,"Jakarta, Indonesia",123,123,,26,94
2025-05-15 00:08:28,-416842,Jakarta GBK,132,132,59,,
2025-05-15 00:08:28,8294,"Jakarta, Indonesia",133,133,,26,94
2025-05-15 01:12:10,-416842,Jakarta GBK,126,126,58,,
2025-05-15 01:12:10,8294,"Jakarta, Indonesia",133,133,,26,94
2025-05-15 02:07:37,-416842,Jakarta GBK,120,120,56,,
2025-05-15 02:07:37,8294,"Jakarta, Indonesia",133,133,,26,94
2025-05-15 03:08:55,-416842,Jakarta GBK,110,110,53,,
2025-05-15 03:08:55,8294,"Jakarta, Indonesia",130,130,,26,88
2025-05-15 04:07:07,-416842,Jakarta GBK,97,97,48,,
2025-05-15 04:07:07,8294,"Jakarta, Indonesia",130,130,,26,88
2025-05-15 05:07:04,-416842,Jakarta GBK,82,82,38,,
2025-05-15 05:07:04,8294,"Jakarta, Indonesia",103,103,,25,100
2025-05-15 06:07:17,-416842,Jakarta GBK,68,68,28,,
2025-05-15 06:07:17,8294,"Jakarta, Indonesia",110,110,,25,94
2025-05-15 07:44:53,-416842,Jakarta GBK,58,58,22,,
2025-05-15 07:44:53,8294,"Jakarta, Indonesia",86,86,,25,88
2025-05-15 09:25:28,-416842,Jakarta GBK,55,55,20,,
2025-05-15 09:25:28,8294,"Jakarta, Indonesia",79,79,,30,74
2025-05-15 10:35:16,-416842,Jakarta GBK,55,55,20,,
2025-05-15 10:35:16,8294,"Jakarta, Indonesia",73,73,,30,72
2025-05-15 11:12:55,-416842,Jakarta GBK,55,55,19,,
2025-05-15 11:12:55,8294,"Jakarta, Indonesia",73,73,,30,72
2025-05-15 12:10:27,-416842,Jakarta GBK,55,55,19,,
2025-05-15 12:10:27,8294,"Jakarta, Indonesia",73,73,,33,52
2025-05-15 13:13:57,-416842,Jakarta GBK,54,54,19,,
2025-05-15 13:13:57,8294,"Jakarta, Indonesia",99,99,,33,52
2025-05-15 14:09:51,-416842,Jakarta GBK,53,53,18,,
2025-05-15 14:09:51,8294,"Jakarta, Indonesia",87,87,,33,55
2025-05-15 15:13:38,-416842,Jakarta GBK,52,52,18,,
2025-05-15 15:13:38,8294,"Jakarta, Indonesia",58,58,,33,59
2025-05-15 16:10:37,-416842,Jakarta GBK,52,52,18,,
2025-05-15 16:10:37,8294,"Jakarta, Indonesia",60,60,,32,62
2025-05-15 17:10:43,-416842,Jakarta GBK,53,53,18,,
2025-05-15 17:10:43,8294,"Jakarta, Indonesia",98,98,,32,62
2025-05-15 18:08:09,-416842,Jakarta GBK,53,53,18,,
2025-05-15 18:08:09,8294,"Jakarta, Indonesia",76,76,,30,74
2025-05-15 19:17:33,-416842,Jakarta GBK,52,52,18,,
2025-05-15 19:17:33,8294,"Jakarta, Indonesia",77,77,,28,88
2025-05-15 20:21:45,-416842,Jakarta GBK,52,52,17,,
2025-05-15 20:21:45,8294,"Jakarta, Indonesia",76,76,,28,91
2025-05-15 21:09:47,-416842,Jakarta GBK,53,53,18,,
2025-05-15 21:09:47,8294,"Jakarta, Indonesia",61,61,,26,94
2025-05-15 22:10:08,-416842,Jakarta GBK,55,55,19,,
2025-05-15 22:10:08,8294,"Jakarta, Indonesia",57,57,,26,94
2025-05-15 23:11:42,-416842,Jakarta GBK,58,58,20,,
2025-05-15 23:11:42,8294,"Jakarta, Indonesia",76,76,,26,94
2025-05-16 00:08:27,-416842,Jakarta GBK,62,62,22,,
2025-05-16 00:08:27,8294,"Jakarta, Indonesia",89,89,,26,94
2025-05-16 01:13:11,-416842,Jakarta GBK,65,65,24,,
2025-05-16 01:13:11,8294,"Jakarta, Indonesia",89,89,,26,94
2025-05-16 02:07:19,-416842,Jakarta GBK,68,68,25,,
2025-05-16 02:07:19,8294,"Jakarta, Indonesia",89,89,,26,94
2025-05-16 03:10:56,-416842,Jakarta GBK,73,73,28,,
2025-05-16 03:10:56,8294,"Jakarta, Indonesia",115,115,,26,94
2025-05-16 04:08:41,-416842,Jakarta GBK,77,77,31,,
2025-05-16 04:08:41,8294,"Jakarta, Indonesia",127,127,,26,94
2025-05-16 05:08:41,-416842,Jakarta GBK,82,82,33,,
2025-05-16 05:08:41,8294,"Jakarta, Indonesia",124,124,,26,94
2025-05-16 06:09:25,-416842,Jakarta GBK,86,86,35,,
2025-05-16 06:09:25,8294,"Jakarta, Indonesia",125,125,,26,94
2025-05-16 07:46:35,-416842,Jakarta GBK,89,89,37,,
2025-05-16 07:46:35,8294,"Jakarta, Indonesia",154,154,,27,88
2025-05-16 09:28:14,-416842,Jakarta GBK,90,90,37,,
2025-05-16 09:28:14,8294,"Jakarta, Indonesia",155,155,,29,79
2025-05-16 10:36:34,-416842,Jakarta GBK,91,91,37,,
2025-05-16 10:36:34,8294,"Jakarta, Indonesia",152,152,,30,74.5
2025-05-16 11:13:54,-416842,Jakarta GBK,91,91,38,,
2025-05-16 11:13:54,8294,"Jakarta, Indonesia",152,152,,30,74.5
2025-05-16 12:10:18,-416842,Jakarta GBK,91,91,38,,
2025-05-16 12:10:18,8294,"Jakarta, Indonesia",128,128,,32,62
2025-05-16 13:13:55,-416842,Jakarta GBK,91,91,37,,
2025-05-16 13:13:55,8294,"Jakarta, Indonesia",121,121,,33,59
2025-05-16 14:09:53,-416842,Jakarta GBK,91,91,38,,
2025-05-16 14:09:53,8294,"Jakarta, Indonesia",83,83,,33,59
2025-05-16 15:13:12,-416842,Jakarta GBK,92,92,38,,
2025-05-16 15:13:12,8294,"Jakarta, Indonesia",78,78,,29,74
2025-05-16 16:10:13,-416842,Jakarta GBK,92,92,38,,
2025-05-16 16:10:13,8294,"Jakarta, Indonesia",96,96,,31,70
2025-05-16 17:10:16,-416842,Jakarta GBK,93,93,39,,
2025-05-16 17:10:16,8294,"Jakarta, Indonesia",91,91,,25,94
2025-05-16 18:08:11,-416842,Jakarta GBK,93,93,39,,
2025-05-16 18:08:11,8294,"Jakarta, Indonesia",132,132,,26,94
2025-05-16 19:18:18,-416842,Jakarta GBK,92,92,39,,
2025-05-16 19:18:18,8294,"Jakarta, Indonesia",99,99,,26,94
2025-05-16 20:22:52,-416842,Jakarta GBK,92,92,39,,
2025-05-16 20:22:52,8294,"Jakarta, Indonesia",78,78,,26,94
2025-05-16 21:09:25,-416842,Jakarta GBK,91,91,38,,
2025-05-16 21:09:25,8294,"Jakarta, Indonesia",112,112,,26,94
2025-05-16 22:08:53,-416842,Jakarta GBK,90,90,37,,
2025-05-16 22:08:53,8294,"Jakarta, Indonesia",105,105,,26,94
2025-05-16 23:10:49,-416842,Jakarta GBK,87,87,36,,
2025-05-16 23:10:49,8294,"Jakarta, Indonesia",102,102,,26,94
2025-05-17 00:07:11,-416842,Jakarta GBK,85,85,35,,
2025-05-17 00:07:11,8294,"Jakarta, Indonesia",134,134,,26,94
2025-05-17 01:12:52,-416842,Jakarta GBK,84,84,34,,
2025-05-17 01:12:52,8294,"Jakarta, Indonesia",134,134,,26,94
2025-05-17 02:07:30,-416842,Jakarta GBK,83,83,34,,
2025-05-17 02:07:30,8294,"Jakarta, Indonesia",134,134,,26,94
2025-05-17 03:10:20,-416842,Jakarta GBK,81,81,33,,
2025-05-17 03:10:20,8294,"Jakarta, Indonesia",137,137,,26,94
2025-05-17 04:08:13,-416842,Jakarta GBK,81,81,33,,
2025-05-17 04:08:13,8294,"Jakarta, Indonesia",123,123,,26,94
2025-05-17 05:08:38,-416842,Jakarta GBK,80,80,32,,
2025-05-17 05:08:38,8294,"Jakarta, Indonesia",137,137,,25,94
2025-05-17 06:08:51,-416842,Jakarta GBK,79,79,32,,
2025-05-17 06:08:51,8294,"Jakarta, Indonesia",130,130,,25,94
2025-05-17 07:44:32,-416842,Jakarta GBK,79,79,33,,
2025-05-17 07:44:32,8294,"Jakarta, Indonesia",149,149,,25,100
2025-05-17 09:24:11,-416842,Jakarta GBK,79,79,33,,
2025-05-17 09:24:11,8294,"Jakarta, Indonesia",156,156,,28,83
2025-05-17 10:32:06,-416842,Jakarta GBK,79,79,33,,
2025-05-17 10:32:06,8294,"Jakarta, Indonesia",141,141,,31,66
2025-05-17 11:11:19,-416842,Jakarta GBK,79,79,33,,
2025-05-17 11:11:19,8294,"Jakarta, Indonesia",141,141,,31,66
2025-05-17 12:09:01,-416842,Jakarta GBK,79,79,33,,
2025-05-17 12:09:01,8294,"Jakarta, Indonesia",116,116,,31,62
2025-05-17 13:12:15,-416842,Jakarta GBK,79,79,33,,
2025-05-17 13:12:15,8294,"Jakarta, Indonesia",151,151,,33,59
2025-05-17 14:08:16,-416842,Jakarta GBK,79,79,33,,
2025-05-17 14:08:16,8294,"Jakarta, Indonesia",140,140,,32,59
2025-05-17 15:11:08,-416842,Jakarta GBK,79,79,33,,
2025-05-17 15:11:08,8294,"Jakarta, Indonesia",130,130,,30,74
2025-05-17 16:08:45,-416842,Jakarta GBK,79,79,34,,
2025-05-17 16:08:45,8294,"Jakarta, Indonesia",98,98,,26,88
2025-05-17 17:08:36,-416842,Jakarta GBK,79,79,34,,
2025-05-17 17:08:36,8294,"Jakarta, Indonesia",63,63,,26,94
2025-05-17 18:06:53,-416842,Jakarta GBK,80,80,34,,
2025-05-17 18:06:53,8294,"Jakarta, Indonesia",85,85,,26,94
2025-05-17 19:15:02,-416842,Jakarta GBK,82,82,36,,
2025-05-17 19:15:02,8294,"Jakarta, Indonesia",107,107,,25,94
2025-05-17 20:17:19,-416842,Jakarta GBK,83,83,36,,
2025-05-17 20:17:19,8294,"Jakarta, Indonesia",98,98,,25,94
2025-05-17 21:07:27,-416842,Jakarta GBK,83,83,36,,
2025-05-17 21:07:27,8294,"Jakarta, Indonesia",73,73,,25,94
2025-05-17 22:08:02,-416842,Jakarta GBK,83,83,36,,
2025-05-17 22:08:02,8294,"Jakarta, Indonesia",70,70,,25,94
2025-05-17 23:09:39,-416842,Jakarta GBK,82,82,36,,
2025-05-17 23:09:39,8294,"Jakarta, Indonesia",79,79,,25,94
2025-05-18 00:06:54,-416842,Jakarta GBK,81,81,36,,
2025-05-18 00:06:54,8294,"Jakarta, Indonesia",82,82,,25,94
2025-05-18 01:11:13,-416842,Jakarta GBK,81,81,37,,
2025-05-18 01:11:13,8294,"Jakarta, Indonesia",82,82,,25,94
2025-05-18 02:06:40,-416842,Jakarta GBK,81,81,38,,
2025-05-18 02:06:40,8294,"Jakarta, Indonesia",82,82,,25,94
2025-05-18 03:09:29,-416842,Jakarta GBK,81,81,40,,
2025-05-18 03:09:29,8294,"Jakarta, Indonesia",141,141,,25,94
2025-05-18 04:07:36,-416842,Jakarta GBK,83,83,43,,
2025-05-18 04:07:36,8294,"Jakarta, Indonesia",146,146,,25,94
2025-05-18 05:07:41,-416842,Jakarta GBK,82,82,43,,
2025-05-18 05:07:41,8294,"Jakarta, Indonesia",156,156,,25,100
2025-05-18 06:08:11,-416842,Jakarta GBK,79,79,43,,
2025-05-18 06:08:11,8294,"Jakarta, Indonesia",155,155,,25,94
2025-05-18 07:50:44,-416842,Jakarta GBK,76,76,42,,
2025-05-18 07:50:44,8294,"Jakarta, Indonesia",130,130,,25,100
2025-05-18 09:40:37,-416842,Jakarta GBK,76,76,42,,
2025-05-18 09:40:37,8294,"Jakarta, Indonesia",157,157,,27,91
2025-05-18 10:39:06,-416842,Jakarta GBK,76,76,42,,
2025-05-18 10:39:06,8294,"Jakarta, Indonesia",122,122,,31,70
2025-05-18 11:15:28,-416842,Jakarta GBK,76,76,42,,
2025-05-18 11:15:28,8294,"Jakarta, Indonesia",122,122,,31,70
2025-05-18 12:09:19,-416842,Jakarta GBK,76,76,42,,
2025-05-18 12:09:19,8294,"Jakarta, Indonesia",80,80,,32,59
2025-05-18 13:12:37,-416842,Jakarta GBK,75,75,42,,
2025-05-18 13:12:37,8294,"Jakarta, Indonesia",115,115,,33,52
2025-05-18 14:08:27,-416842,Jakarta GBK,75,75,42,,
2025-05-18 14:08:27,8294,"Jakarta, Indonesia",103,103,,33,55
2025-05-18 15:11:01,-416842,Jakarta GBK,75,75,42,,
2025-05-18 15:11:01,8294,"Jakarta, Indonesia",112,112,,33,59
2025-05-18 16:08:32,-416842,Jakarta GBK,75,75,42,,
2025-05-18 16:08:32,8294,"Jakarta, Indonesia",122,122,,33,60.5
2025-05-18 17:08:40,-416842,Jakarta GBK,75,75,42,,
2025-05-18 17:08:40,8294,"Jakarta, Indonesia",92,92,,30,74
2025-05-18 18:06:47,-416842,Jakarta GBK,74,74,41,,
2025-05-18 18:06:47,8294,"Jakarta, Indonesia",85,85,,27.5,84
2025-05-18 19:15:21,-416842,Jakarta GBK,71,71,39,,
2025-05-18 19:15:21,8294,"Jakarta, Indonesia",91,91,,26,88
2025-05-18 20:17:50,-416842,Jakarta GBK,71,71,39,,
2025-05-18 20:17:50,8294,"Jakarta, Indonesia",84,84,,25,94
2025-05-18 21:07:28,-416842,Jakarta GBK,71,71,39,,
2025-05-18 21:07:28,8294,"Jakarta, Indonesia",157,157,,26,94
2025-05-18 22:07:40,-416842,Jakarta GBK,71,71,39,,
2025-05-18 22:07:40,8294,"Jakarta, Indonesia",88,88,,26,94
2025-05-18 23:09:21,-416842,Jakarta GBK,71,71,39,,
2025-05-18 23:09:21,8294,"Jakarta, Indonesia",151,151,,25,100
2025-05-19 00:07:11,-416842,Jakarta GBK,71,71,38,,
2025-05-19 00:07:11,8294,"Jakarta, Indonesia",116,116,,25,100
2025-05-19 01:11:36,-416842,Jakarta GBK,70,70,37,,
2025-05-19 01:11:36,8294,"Jakarta, Indonesia",116,116,,25,100
2025-05-19 02:06:43,-416842,Jakarta GBK,68,68,35,,
2025-05-19 02:06:43,8294,"Jakarta, Indonesia",116,116,,25,100
2025-05-19 03:09:54,-416842,Jakarta GBK,61,61,28,,
2025-05-19 03:09:54,8294,"Jakarta, Indonesia",77,77,,25,100
2025-05-19 04:07:30,-416842,Jakarta GBK,59,59,26,,
2025-05-19 04:07:30,8294,"Jakarta, Indonesia",93,93,,25,100
2025-05-19 05:08:00,-416842,Jakarta GBK,59,59,24,,
2025-05-19 05:08:00,8294,"Jakarta, Indonesia",75,75,,25,94
2025-05-19 06:08:15,-416842,Jakarta GBK,59,59,24,,
2025-05-19 06:08:15,8294,"Jakarta, Indonesia",119,119,,25,94
2025-05-19 07:49:46,-416842,Jakarta GBK,59,59,23,,
2025-05-19 07:49:46,8294,"Jakarta, Indonesia",159,159,,25,100
2025-05-19 09:41:16,-416842,Jakarta GBK,60,60,23,,
2025-05-19 09:41:16,8294,"Jakarta, Indonesia",121,121,,27,88
2025-05-19 10:40:58,-416842,Jakarta GBK,61,61,23,,
2025-05-19 10:40:58,8294,"Jakarta, Indonesia",135,135,,30,66
2025-05-19 11:18:04,-416842,Jakarta GBK,61,61,23,,
2025-05-19 11:18:04,8294,"Jakarta, Indonesia",135,135,,30,66
2025-05-19 12:10:18,-416842,Jakarta GBK,61,61,23,,
2025-05-19 12:10:18,8294,"Jakarta, Indonesia",111,111,,31,62
2025-05-19 13:14:38,-416842,Jakarta GBK,61,61,23,,
2025-05-19 13:14:38,8294,"Jakarta, Indonesia",94,94,,32,59
2025-05-19 14:10:23,-416842,Jakarta GBK,61,61,23,,
2025-05-19 14:10:23,8294,"Jakarta, Indonesia",115,115,,33,55
2025-05-19 15:14:46,-416842,Jakarta GBK,61,61,23,,
2025-05-19 15:14:46,8294,"Jakarta, Indonesia",105,105,,33,55
2025-05-19 16:11:18,-416842,Jakarta GBK,61,61,23,,
2025-05-19 16:11:18,8294,"Jakarta, Indonesia",68,68,,30,62
2025-05-19 17:10:51,-416842,Jakarta GBK,61,61,23,,
2025-05-19 17:10:51,8294,"Jakarta, Indonesia",68,68,,29,74
2025-05-19 18:08:23,-416842,Jakarta GBK,62,62,24,,
2025-05-19 18:08:23,8294,"Jakarta, Indonesia",75,75,,28,83
2025-05-19 19:18:12,-416842,Jakarta GBK,65,65,26,,
2025-05-19 19:18:12,8294,"Jakarta, Indonesia",111,111,,28,88
2025-05-19 20:24:54,-416842,Jakarta GBK,67,67,27,,
2025-05-19 20:24:54,8294,"Jakarta, Indonesia",142,142,,27,94
2025-05-19 21:09:39,-416842,Jakarta GBK,70,70,29,,
2025-05-19 21:09:39,8294,"Jakarta, Indonesia",152,152,,26,94
2025-05-19 22:10:29,-416842,Jakarta GBK,73,73,31,,
2025-05-19 22:10:29,8294,"Jakarta, Indonesia",157,157,,26,88
2025-05-19 23:11:30,-416842,Jakarta GBK,76,76,33,,
2025-05-19 23:11:30,8294,"Jakarta, Indonesia",159,159,,26,88
2025-05-20 00:08:22,-416842,Jakarta GBK,76,76,33,,
2025-05-20 00:08:22,8294,"Jakarta, Indonesia",155,155,,25,94
2025-05-20 01:13:08,-416842,Jakarta GBK,82,82,36,,
2025-05-20 01:13:08,8294,"Jakarta, Indonesia",155,155,,25,94
2025-05-20 02:07:23,-416842,Jakarta GBK,82,82,36,,
2025-05-20 02:07:23,8294,"Jakarta, Indonesia",155,155,,25,94
2025-05-20 03:10:28,-416842,Jakarta GBK,85,85,39,,
2025-05-20 03:10:28,8294,"Jakarta, Indonesia",165,165,,25,100
2025-05-20 04:08:29,-416842,Jakarta GBK,85,85,39,,
2025-05-20 04:08:29,8294,"Jakarta, Indonesia",167,167,,25,100
2025-05-20 05:09:01,-416842,Jakarta GBK,87,87,40,,
2025-05-20 05:09:01,8294,"Jakarta, Indonesia",153,153,,25,94
2025-05-20 06:08:46,-416842,Jakarta GBK,88,88,41,,
2025-05-20 06:08:46,8294,"Jakarta, Indonesia",151,151,,25,94
2025-05-20 07:47:10,-416842,Jakarta GBK,90,90,42,,
2025-05-20 07:47:10,8294,"Jakarta, Indonesia",162,162,,26,88
2025-05-20 09:28:51,-416842,Jakarta GBK,89,89,41,,
2025-05-20 09:28:51,8294,"Jakarta, Indonesia",157,157,,30,74
2025-05-20 10:36:15,-416842,Jakarta GBK,89,89,42,,
2025-05-20 10:36:15,8294,"Jakarta, Indonesia",156,156,,31,70
2025-05-20 11:13:12,-416842,Jakarta GBK,89,89,42,,
2025-05-20 11:13:12,8294,"Jakarta, Indonesia",156,156,,31,70
2025-05-20 12:10:00,-416842,Jakarta GBK,89,89,42,,
2025-05-20 12:10:00,8294,"Jakarta, Indonesia",80,80,,31,66
2025-05-20 13:14:11,-416842,Jakarta GBK,89,89,42,,
2025-05-20 13:14:11,8294,"Jakarta, Indonesia",81,81,,31.5,62.5
2025-05-20 14:09:58,-416842,Jakarta GBK,89,89,41,,
2025-05-20 14:09:58,8294,"Kemayoran, Indonesia",59,59,,32,59
2025-05-20 15:13:45,-416842,Jakarta GBK,88,88,41,,
2025-05-20 15:13:45,8294,"Kemayoran, Indonesia",66,66,,32.5,57
2025-05-20 16:11:03,-416842,Jakarta GBK,88,88,41,,
2025-05-20 16:11:03,8294,"Kemayoran, Indonesia",75,75,,33,55
2025-05-20 17:10:43,-416842,Jakarta GBK,88,88,41,,
2025-05-20 17:10:43,8294,"Kemayoran, Indonesia",75,75,,33,55
2025-05-20 18:08:13,-416842,Jakarta GBK,88,88,41,,
2025-05-20 18:08:13,8294,"Kemayoran, Indonesia",53,53,,30.5,64
2025-05-20 19:18:03,-416842,Jakarta GBK,84,84,39,,
2025-05-20 19:18:03,8294,"Kemayoran, Indonesia",71,71,,30,66
2025-05-20 20:25:12,-416842,Jakarta GBK,82,82,37,,
2025-05-20 20:25:12,8294,"Kemayoran, Indonesia",127,127,,30,66
2025-05-20 21:09:36,-416842,Jakarta GBK,82,82,37,,
2025-05-20 21:09:36,8294,"Kemayoran, Indonesia",86,86,,30,66
2025-05-20 22:10:15,-416842,Jakarta GBK,75,75,33,,
2025-05-20 22:10:15,8294,"Kemayoran, Indonesia",84,84,,30,66
2025-05-20 23:11:39,-416842,Jakarta GBK,71,71,31,,
2025-05-20 23:11:39,8294,"Kemayoran, Indonesia",109,109,,30,66
2025-05-21 00:08:24,-416842,Jakarta GBK,71,71,31,,
2025-05-21 00:08:24,8294,"Kemayoran, Indonesia",99,99,,28,83
2025-05-21 01:13:12,-416842,Jakarta GBK,66,66,28,,
2025-05-21 01:13:12,8294,"Kemayoran, Indonesia",99,99,,28,83
2025-05-21 02:07:17,-416842,Jakarta GBK,66,66,28,,
2025-05-21 02:07:17,8294,"Kemayoran, Indonesia",99,99,,28,83
2025-05-21 03:10:44,-416842,Jakarta GBK,63,63,26,,
2025-05-21 03:10:44,8294,"Kemayoran, Indonesia",131,131,,28,83
2025-05-21 04:08:40,-416842,Jakarta GBK,63,63,26,,
2025-05-21 04:08:40,8294,"Kemayoran, Indonesia",114,114,,28,83
2025-05-21 05:08:40,-416842,Jakarta GBK,62,62,25,,
2025-05-21 05:08:40,8294,"Kemayoran, Indonesia",134,134,,28,83
2025-05-21 06:08:40,-416842,Jakarta GBK,61,61,25,,
2025-05-21 06:08:40,8294,"Kemayoran, Indonesia",139,139,,28,83
2025-05-21 07:46:18,-416842,Jakarta GBK,59,59,24,,
2025-05-21 07:46:18,8294,"Kemayoran, Indonesia",140,140,,27,88
2025-05-21 09:28:23,-416842,Jakarta GBK,61,61,25,,
2025-05-21 09:28:23,8294,"Kemayoran, Indonesia",154,154,,30,74
2025-05-21 10:35:48,-416842,Jakarta GBK,61,61,25,,
2025-05-21 10:35:48,8294,"Kemayoran, Indonesia",149,149,,30,74
2025-05-21 11:13:32,-416842,Jakarta GBK,62,62,26,,
2025-05-21 11:13:32,8294,"Kemayoran, Indonesia",149,149,,30,74
2025-05-21 12:09:58,-416842,Jakarta GBK,62,62,26,,
2025-05-21 12:09:58,8294,"Kemayoran, Indonesia",113,113,,26,94
2025-05-21 13:14:08,-416842,Jakarta GBK,69,69,30,,
2025-05-21 13:14:08,8294,"Kemayoran, Indonesia",120,120,,26,94
2025-05-21 14:09:35,-416842,Jakarta GBK,69,69,30,,
2025-05-21 14:09:35,8294,"Kemayoran, Indonesia",90,90,,29,83
2025-05-21 15:13:28,-416842,Jakarta GBK,76,76,34,,
2025-05-21 15:13:28,8294,"Kemayoran, Indonesia",111,111,,29,83
2025-05-21 16:10:37,-416842,Jakarta GBK,79,79,36,,
2025-05-21 16:10:37,8294,"Kemayoran, Indonesia",155,155,,29,83
2025-05-21 17:10:19,-416842,Jakarta GBK,79,79,36,,
2025-05-21 17:10:19,8294,"Kemayoran, Indonesia",159,159,,29,83
2025-05-21 18:08:09,-416842,Jakarta GBK,84,84,39,,
2025-05-21 18:08:09,8294,"Kemayoran, Indonesia",133,133,,28,83
2025-05-21 19:17:43,-416842,Jakarta GBK,88,88,41,,
2025-05-21 19:17:43,8294,"Kemayoran, Indonesia",87,87,,28,83
2025-05-21 20:23:58,-416842,Jakarta GBK,89,89,42,,
2025-05-21 20:23:58,8294,"Kemayoran, Indonesia",67,67,,27,83
2025-05-21 21:10:04,-416842,Jakarta GBK,89,89,42,,
2025-05-21 21:10:04,8294,"Kemayoran, Indonesia",59,59,,27,88
2025-05-21 22:10:26,-416842,Jakarta GBK,90,90,42,,
2025-05-21 22:10:26,8294,"Kemayoran, Indonesia",79,79,,27,88
2025-05-21 23:11:44,-416842,Jakarta GBK,92,92,44,,
2025-05-21 23:11:44,8294,"Kemayoran, Indonesia",99,99,,27,88
2025-05-22 00:08:25,-416842,Jakarta GBK,92,92,44,,
2025-05-22 00:08:25,8294,"Kemayoran, Indonesia",72,72,,27,88
2025-05-22 01:13:22,-416842,Jakarta GBK,93,93,45,,
2025-05-22 01:13:22,8294,"Kemayoran, Indonesia",72,72,,27,88
2025-05-22 02:07:30,-416842,Jakarta GBK,93,93,45,,
2025-05-22 02:07:30,8294,"Kemayoran, Indonesia",72,72,,27,88
2025-05-22 03:10:28,-416842,Jakarta GBK,97,97,47,,
2025-05-22 03:10:28,8294,"Kemayoran, Indonesia",106,106,,26,94
2025-05-22 04:08:33,-416842,Jakarta GBK,106,106,50,,
2025-05-22 04:08:33,8294,"Kemayoran, Indonesia",120,120,,26,94
2025-05-22 05:08:41,-416842,Jakarta GBK,118,118,54,,
2025-05-22 05:08:41,8294,"Kemayoran, Indonesia",136,136,,26,94
2025-05-22 06:08:56,-416842,Jakarta GBK,131,131,57,,
2025-05-22 06:08:56,8294,"Kemayoran, Indonesia",74,74,,26,94
2025-05-22 07:45:40,-416842,Jakarta GBK,146,146,62,,
2025-05-22 07:45:40,8294,"Kemayoran, Indonesia",145,145,,26,94
2025-05-22 09:27:47,-416842,Jakarta GBK,154,154,67,,
2025-05-22 09:27:47,8294,"Kemayoran, Indonesia",160,160,,27,88
2025-05-22 10:35:59,-416842,Jakarta GBK,154,154,67,,
2025-05-22 10:35:59,8294,"Kemayoran, Indonesia",156,156,,28,83
2025-05-22 11:14:11,-416842,Jakarta GBK,153,153,67,,
2025-05-22 11:14:11,8294,"Kemayoran, Indonesia",156,156,,28,83
2025-05-22 12:10:08,-416842,Jakarta GBK,153,153,66,,
2025-05-22 12:10:08,8294,"Kemayoran, Indonesia",24,24,,30,70
2025-05-22 13:14:20,-416842,Jakarta GBK,151,151,65,,
2025-05-22 13:14:20,8294,"Kemayoran, Indonesia",19,19,,30,66
2025-05-22 14:09:43,-416842,Jakarta GBK,151,151,63,,
2025-05-22 14:09:43,8294,"Kemayoran, Indonesia",8,8,,30.5,66
2025-05-22 15:13:16,-416842,Jakarta GBK,84,84,42,,
2025-05-22 15:13:16,8294,"Kemayoran, Indonesia",12,12,,31,62
2025-05-22 16:10:32,-416842,Jakarta GBK,80,80,40,,
2025-05-22 16:10:32,8294,"Kemayoran, Indonesia",56,56,,32,62
2025-05-22 17:10:23,-416842,Jakarta GBK,73,73,36,,
2025-05-22 17:10:23,8294,"Kemayoran, Indonesia",38,38,,31,66
2025-05-22 18:08:23,-416842,Jakarta GBK,68,68,33,,
2025-05-22 18:08:23,8294,"Kemayoran, Indonesia",24,24,,30,74
2025-05-22 19:18:22,-416842,Jakarta GBK,67,67,33,,
2025-05-22 19:18:22,8294,"Kemayoran, Indonesia",33,33,,28,83
2025-05-22 20:24:12,-416842,Jakarta GBK,66,66,32,,
2025-05-22 20:24:12,8294,"Kemayoran, Indonesia",50,50,,28,83
2025-05-22 21:09:28,-416842,Jakarta GBK,66,66,32,,
2025-05-22 21:09:28,8294,"Kemayoran, Indonesia",64,64,,27.5,85.5
2025-05-22 22:10:01,-416842,Jakarta GBK,66,66,33,,
2025-05-22 22:10:01,8294,"Kemayoran, Indonesia",77,77,,26,94
2025-05-22 23:11:51,-416842,Jakarta GBK,65,65,32,,
2025-05-22 23:11:51,8294,"Kemayoran, Indonesia",69,69,,26,94
2025-05-23 00:08:14,-416842,Jakarta GBK,65,65,31,,
2025-05-23 00:08:14,8294,"Kemayoran, Indonesia",99,99,,27,88
2025-05-23 01:13:10,-416842,Jakarta GBK,64,64,31,,
2025-05-23 01:13:10,8294,"Kemayoran, Indonesia",99,99,,27,88
2025-05-23 02:07:25,-416842,Jakarta GBK,64,64,31,,
2025-05-23 02:07:25,8294,"Kemayoran, Indonesia",99,99,,27,88
2025-05-23 03:10:51,-416842,Jakarta GBK,63,63,30,,
2025-05-23 03:10:51,8294,"Kemayoran, Indonesia",103,103,,26,94
2025-05-23 04:08:35,-416842,Jakarta GBK,64,64,29,,
2025-05-23 04:08:35,8294,"Kemayoran, Indonesia",96,96,,26,94
2025-05-23 05:09:12,-416842,Jakarta GBK,64,64,28,,
2025-05-23 05:09:12,8294,"Kemayoran, Indonesia",86,86,,26,94
2025-05-23 06:09:01,-416842,Jakarta GBK,65,65,29,,
2025-05-23 06:09:01,8294,"Kemayoran, Indonesia",61,61,,26,94
2025-05-23 07:46:02,-416842,Jakarta GBK,66,66,29,,
2025-05-23 07:46:02,8294,"Kemayoran, Indonesia",67,67,,25,100
2025-05-23 09:27:50,-416842,Jakarta GBK,63,63,26,,
2025-05-23 09:27:50,8294,"Kemayoran, Indonesia",125,125,,27,88
2025-05-23 10:35:44,-416842,Jakarta GBK,63,63,25,,
2025-05-23 10:35:44,8294,"Kemayoran, Indonesia",85,85,,27,88
2025-05-23 11:12:53,-416842,Jakarta GBK,63,63,25,,
2025-05-23 11:12:53,8294,"Kemayoran, Indonesia",85,85,,27,88
2025-05-23 12:09:57,-416842,Jakarta GBK,63,63,25,,
2025-05-23 12:09:57,8294,"Kemayoran, Indonesia",105,105,,29,79
2025-05-23 13:13:41,-416842,Jakarta GBK,64,64,25,,
2025-05-23 13:13:41,8294,"Kemayoran, Indonesia",92,92,,28,83
2025-05-23 14:09:38,-416842,Jakarta GBK,65,65,26,,
2025-05-23 14:09:38,8294,"Kemayoran, Indonesia",52,52,,28,78
2025-05-23 15:13:03,-416842,Jakarta GBK,66,66,26,,
2025-05-23 15:13:03,8294,"Kemayoran, Indonesia",66,66,,28,83
2025-05-23 16:10:23,-416842,Jakarta GBK,66,66,26,,
2025-05-23 16:10:23,8294,"Kemayoran, Indonesia",63,63,,28,78
2025-05-23 17:10:03,-416842,Jakarta GBK,67,67,27,,
2025-05-23 17:10:03,8294,"Kemayoran, Indonesia",45,45,,25,94
2025-05-23 18:07:54,-416842,Jakarta GBK,67,67,27,,
2025-05-23 18:07:54,8294,"Kemayoran, Indonesia",54,54,,25,94
2025-05-23 19:17:22,-416842,Jakarta GBK,67,67,28,,
2025-05-23 19:17:22,8294,"Kemayoran, Indonesia",50,50,,25,94
2025-05-23 20:21:59,-416842,Jakarta GBK,67,67,28,,
2025-05-23 20:21:59,8294,"Kemayoran, Indonesia",48,48,,25,94
2025-05-23 21:09:15,-416842,Jakarta GBK,66,66,28,,
2025-05-23 21:09:15,8294,"Kemayoran, Indonesia",48,48,,25,94
2025-05-23 22:10:12,-416842,Jakarta GBK,65,65,27,,
2025-05-23 22:10:12,8294,"Kemayoran, Indonesia",45,45,,25,94
2025-05-23 23:10:58,-416842,Jakarta GBK,65,65,28,,
2025-05-23 23:10:58,8294,"Kemayoran, Indonesia",67,67,,25,94
2025-05-24 00:08:30,-416842,Jakarta GBK,64,64,28,,
2025-05-24 00:08:30,8294,"Kemayoran, Indonesia",46,46,,25,94
2025-05-24 01:12:01,-416842,Jakarta GBK,63,63,28,,
2025-05-24 01:12:01,8294,"Kemayoran, Indonesia",46,46,,25,94
2025-05-24 02:07:15,-416842,Jakarta GBK,62,62,27,,
2025-05-24 02:07:15,8294,"Kemayoran, Indonesia",46,46,,25,94
2025-05-24 03:10:44,-416842,Jakarta GBK,58,58,26,,
2025-05-24 03:10:44,8294,"Kemayoran, Indonesia",69,69,,25,94
2025-05-24 04:07:26,-416842,Jakarta GBK,57,57,26,,
2025-05-24 04:07:26,8294,"Kemayoran, Indonesia",84,84,,25,94
2025-05-24 05:08:58,-416842,Jakarta GBK,57,57,26,,
2025-05-24 05:08:58,8294,"Kemayoran, Indonesia",65,65,,25,94
2025-05-24 06:09:28,-416842,Jakarta GBK,56,56,27,,
2025-05-24 06:09:28,8294,"Kemayoran, Indonesia",58,58,,25,94
2025-05-24 07:43:55,-416842,Jakarta GBK,55,55,27,,
2025-05-24 07:43:55,8294,"Kemayoran, Indonesia",72,72,,25,94
2025-05-24 09:22:57,-416842,Jakarta GBK,52,52,26,,
2025-05-24 09:22:57,8294,"Kemayoran, Indonesia",78,78,,27,83
2025-05-24 10:31:26,-416842,Jakarta GBK,51,51,26,,
2025-05-24 10:31:26,8294,"Kemayoran, Indonesia",66,66,,29,79
2025-05-24 11:10:48,-416842,Jakarta GBK,51,51,25,,
2025-05-24 11:10:48,8294,"Kemayoran, Indonesia",66,66,,29,79
2025-05-24 12:09:09,-416842,Jakarta GBK,51,51,25,,
2025-05-24 12:09:09,8294,"Kemayoran, Indonesia",66,66,,29,79
2025-05-24 13:11:48,-416842,Jakarta GBK,50,50,25,,
2025-05-24 13:11:48,8294,"Kemayoran, Indonesia",49,49,,32.5,57
2025-05-24 14:08:16,-416842,Jakarta GBK,49,49,25,,
2025-05-24 14:08:16,8294,"Kemayoran, Indonesia",84,84,,32,59
2025-05-24 15:10:48,-416842,Jakarta GBK,49,49,25,,
2025-05-24 15:10:48,8294,"Kemayoran, Indonesia",63,63,,30,70
2025-05-24 16:08:19,-416842,Jakarta GBK,48,48,25,,
2025-05-24 16:08:19,8294,"Kemayoran, Indonesia",63,63,,30,70
2025-05-24 17:08:27,-416842,Jakarta GBK,48,48,25,,
2025-05-24 17:08:27,8294,"Kemayoran, Indonesia",58,58,,30,70
2025-05-24 18:06:43,-416842,Jakarta GBK,48,48,25,,
2025-05-24 18:06:43,8294,"Kemayoran, Indonesia",58,58,,30,70
2025-05-24 19:15:01,-416842,Jakarta GBK,48,48,24,,
2025-05-24 19:15:01,8294,"Kemayoran, Indonesia",54,54,,28,83
2025-05-24 20:19:00,-416842,Jakarta GBK,48,48,24,,
2025-05-24 20:19:00,8294,"Kemayoran, Indonesia",60,60,,28,83
2025-05-24 21:07:26,-416842,Jakarta GBK,48,48,24,,
2025-05-24 21:07:26,8294,"Kemayoran, Indonesia",65,65,,28,83
2025-05-24 22:07:57,-416842,Jakarta GBK,46,46,23,,
2025-05-24 22:07:57,8294,"Kemayoran, Indonesia",65,65,,28,74
2025-05-24 23:09:48,-416842,Jakarta GBK,45,45,23,,
2025-05-24 23:09:48,8294,"Kemayoran, Indonesia",65,65,,28,74
2025-05-25 00:07:04,-416842,Jakarta GBK,45,45,22,,
2025-05-25 00:07:04,8294,"Kemayoran, Indonesia",55,55,,27,88
2025-05-25 01:11:06,-416842,Jakarta GBK,45,45,21,,
2025-05-25 01:11:06,8294,"Kemayoran, Indonesia",55,55,,27,88
2025-05-25 02:06:33,-416842,Jakarta GBK,45,45,21,,
2025-05-25 02:06:33,8294,"Kemayoran, Indonesia",55,55,,27,88
2025-05-25 03:09:19,-416842,Jakarta GBK,45,45,21,,
2025-05-25 03:09:19,8294,"Kemayoran, Indonesia",87,87,,26,94
2025-05-25 04:07:31,-416842,Jakarta GBK,46,46,21,,
2025-05-25 04:07:31,8294,"Kemayoran, Indonesia",99,99,,26,94
2025-05-25 05:07:41,-416842,Jakarta GBK,47,47,20,,
2025-05-25 05:07:41,8294,"Kemayoran, Indonesia",91,91,,26,94
2025-05-25 06:08:40,-416842,Jakarta GBK,49,49,20,,
2025-05-25 06:08:40,8294,"Kemayoran, Indonesia",99,99,,26,94
2025-05-25 07:52:14,-416842,Jakarta GBK,51,51,20,,
2025-05-25 07:52:14,8294,"Kemayoran, Indonesia",149,149,,26,94
2025-05-25 09:43:40,-416842,Jakarta GBK,56,56,23,,
2025-05-25 09:43:40,8294,"Kemayoran, Indonesia",165,165,,28,83
2025-05-25 10:41:14,-416842,Jakarta GBK,59,59,24,,
2025-05-25 10:41:14,8294,"Kemayoran, Indonesia",161,161,,29,76.5
2025-05-25 11:16:40,-416842,Jakarta GBK,61,61,26,,
2025-05-25 11:16:40,8294,"Kemayoran, Indonesia",161,161,,29,76.5
2025-05-25 12:09:01,-416842,Jakarta GBK,61,61,26,,
2025-05-25 12:09:01,8294,"Kemayoran, Indonesia",158,158,,29,74
2025-05-25 13:12:11,-416842,Jakarta GBK,63,63,27,,
2025-05-25 13:12:11,8294,"Kemayoran, Indonesia",154,154,,29,74
2025-05-25 14:08:15,-416842,Jakarta GBK,63,63,27,,
2025-05-25 14:08:15,8294,"Kemayoran, Indonesia",119,119,,26,94
2025-05-25 15:11:12,-416842,Jakarta GBK,64,64,27,,
2025-05-25 15:11:12,8294,"Kemayoran, Indonesia",62,62,,27,88
2025-05-25 16:08:17,-416842,Jakarta GBK,64,64,27,,
2025-05-25 16:08:17,8294,"Kemayoran, Indonesia",103,103,,28,83
2025-05-25 17:08:36,-416842,Jakarta GBK,64,64,27,,
2025-05-25 17:08:36,8294,"Kemayoran, Indonesia",55,55,,28.5,81
2025-05-25 18:06:50,-416842,Jakarta GBK,64,64,27,,
2025-05-25 18:06:50,8294,"Kemayoran, Indonesia",54,54,,30,70
2025-05-25 19:15:14,-416842,Jakarta GBK,64,64,27,,
2025-05-25 19:15:14,8294,"Kemayoran, Indonesia",63,63,,28,83
2025-05-25 20:17:40,-416842,Jakarta GBK,65,65,27,,
2025-05-25 20:17:40,8294,"Kemayoran, Indonesia",64,64,,27,88
2025-05-25 21:07:30,-416842,Jakarta GBK,65,65,27,,
2025-05-25 21:07:30,8294,"Kemayoran, Indonesia",62,62,,28,83
2025-05-25 22:07:56,-416842,Jakarta GBK,66,66,28,,
2025-05-25 22:07:56,8294,"Kemayoran, Indonesia",137,137,,28,83
2025-05-25 23:09:42,-416842,Jakarta GBK,66,66,28,,
2025-05-25 23:09:42,8294,"Kemayoran, Indonesia",76,76,,28,83
2025-05-26 00:07:14,-416842,Jakarta GBK,68,68,29,,
2025-05-26 00:07:14,8294,"Kemayoran, Indonesia",81,81,,28,83
2025-05-26 01:11:05,-416842,Jakarta GBK,70,70,30,,
2025-05-26 01:11:05,8294,"Kemayoran, Indonesia",81,81,,28,83
2025-05-26 02:06:32,-416842,Jakarta GBK,75,75,33,,
2025-05-26 02:06:32,8294,"Kemayoran, Indonesia",81,81,,28,83
2025-05-26 03:09:24,-416842,Jakarta GBK,82,82,37,,
2025-05-26 03:09:24,8294,"Kemayoran, Indonesia",143,143,,28,83
2025-05-26 04:07:34,-416842,Jakarta GBK,91,91,42,,
2025-05-26 04:07:34,8294,"Kemayoran, Indonesia",144,144,,28,83
2025-05-26 05:08:13,-416842,Jakarta GBK,107,107,49,,
2025-05-26 05:08:13,8294,"Kemayoran, Indonesia",143,143,,28,83
2025-05-26 06:08:36,-416842,Jakarta GBK,119,119,53,,
2025-05-26 06:08:36,8294,"Kemayoran, Indonesia",151,151,,25,100
2025-05-26 07:48:23,-416842,Jakarta GBK,117,117,52,,
2025-05-26 07:48:23,8294,"Kemayoran, Indonesia",114,114,,26,88
2025-05-26 09:39:55,-416842,Jakarta GBK,110,110,50,,
2025-05-26 09:39:55,8294,"Kemayoran, Indonesia",72,72,,28,78
2025-05-26 10:39:25,-416842,Jakarta GBK,108,108,48,,
2025-05-26 10:39:25,8294,"Kemayoran, Indonesia",25,25,,28,80.5
2025-05-26 11:15:59,-416842,Jakarta GBK,105,105,47,,
2025-05-26 11:15:59,8294,"Kemayoran, Indonesia",25,25,,28,80.5
2025-05-26 12:10:44,-416842,Jakarta GBK,105,105,47,,
2025-05-26 12:10:44,8294,"Kemayoran, Indonesia",19,19,,25,94
2025-05-26 13:14:42,-416842,Jakarta GBK,102,102,45,,
2025-05-26 13:14:42,8294,"Kemayoran, Indonesia",12,12,,27,83
2025-05-26 14:11:51,-416842,Jakarta GBK,101,101,45,,
2025-05-26 14:11:51,8294,"Kemayoran, Indonesia",40,40,,27,88
2025-05-26 15:19:57,-416842,Jakarta GBK,100,100,45,,
2025-05-26 15:19:57,8294,"Kemayoran, Indonesia",42,42,,29,79
2025-05-26 16:37:30,-416842,Jakarta GBK,100,100,45,,
2025-05-26 16:37:30,8294,"Kemayoran, Indonesia",24,24,,28.5,81
2025-05-26 17:14:46,-416842,Jakarta GBK,101,101,45,,
2025-05-26 17:14:46,8294,"Kemayoran, Indonesia",24,24,,28.5,81
2025-05-26 18:07:44,-416842,Jakarta GBK,101,101,45,,
2025-05-26 18:07:44,8294,"Kemayoran, Indonesia",38,38,,28,83
2025-05-26 19:17:03,-416842,Jakarta GBK,103,103,46,,
2025-05-26 19:17:03,8294,"Kemayoran, Indonesia",78,78,,27,88
2025-05-26 20:21:26,-416842,Jakarta GBK,102,102,46,,
2025-05-26 20:21:26,8294,"Kemayoran, Indonesia",120,120,,27,88
2025-05-26 21:09:50,-416842,Jakarta GBK,102,102,46,,
2025-05-26 21:09:50,8294,"Kemayoran, Indonesia",95,95,,27,88
2025-05-26 22:09:36,-416842,Jakarta GBK,102,102,46,,
2025-05-26 22:09:36,8294,"Kemayoran, Indonesia",65,65,,27,83
2025-05-26 23:11:05,-416842,Jakarta GBK,99,99,45,,
2025-05-26 23:11:05,8294,"Kemayoran, Indonesia",55,55,,27,83
2025-05-27 00:07:47,-416842,Jakarta GBK,99,99,45,,
2025-05-27 00:07:47,8294,"Kemayoran, Indonesia",54,54,,27,83
2025-05-27 01:12:20,-416842,Jakarta GBK,91,91,40,,
2025-05-27 01:12:20,8294,"Kemayoran, Indonesia",54,54,,27,83
2025-05-27 02:07:21,-416842,Jakarta GBK,91,91,40,,
2025-05-27 02:07:21,8294,"Kemayoran, Indonesia",54,54,,27,83
2025-05-27 03:10:07,-416842,Jakarta GBK,83,83,36,,
2025-05-27 03:10:07,8294,"Kemayoran, Indonesia",34,34,,27,88
2025-05-27 04:08:05,-416842,Jakarta GBK,74,74,31,,
2025-05-27 04:08:05,8294,"Kemayoran, Indonesia",42,42,,27,88
2025-05-27 05:08:20,-416842,Jakarta GBK,58,58,23,,
2025-05-27 05:08:20,8294,"Kemayoran, Indonesia",46,46,,26,88
2025-05-27 06:08:54,-416842,Jakarta GBK,42,42,17,,
2025-05-27 06:08:54,8294,"Kemayoran, Indonesia",40,40,,26,88
2025-05-27 07:45:03,-416842,Jakarta GBK,39,39,16,,
2025-05-27 07:45:03,8294,"Kemayoran, Indonesia",51,51,,26,83
2025-05-27 09:27:16,-416842,Jakarta GBK,40,40,17,,
2025-05-27 09:27:16,8294,"Kemayoran, Indonesia",53,53,,28,74
2025-05-27 10:36:14,-416842,Jakarta GBK,40,40,17,,
2025-05-27 10:36:14,8294,"Kemayoran, Indonesia",25,25,,31,62
2025-05-27 11:15:32,-416842,Jakarta GBK,40,40,17,,
2025-05-27 11:15:32,8294,"Kemayoran, Indonesia",25,25,,31,62
2025-05-27 12:09:54,-416842,Jakarta GBK,40,40,17,,
2025-05-27 12:09:54,8294,"Kemayoran, Indonesia",36,36,,32,62
2025-05-27 13:13:41,-416842,Jakarta GBK,41,41,17,,
2025-05-27 13:13:41,8294,"Kemayoran, Indonesia",40,40,,33,59
2025-05-27 14:09:55,-416842,Jakarta GBK,41,41,17,,
2025-05-27 14:09:55,8294,"Kemayoran, Indonesia",55,55,,33,55
2025-05-27 15:13:14,-416842,Jakarta GBK,41,41,17,,
2025-05-27 15:13:14,8294,"Kemayoran, Indonesia",55,55,,33,55
2025-05-27 16:10:12,-416842,Jakarta GBK,41,41,17,,
2025-05-27 16:10:12,8294,"Kemayoran, Indonesia",55,55,,33,55
2025-05-27 17:10:52,-416842,Jakarta GBK,40,40,17,,
2025-05-27 17:10:52,8294,"Kemayoran, Indonesia",50,50,,33,55
2025-05-27 18:08:11,-416842,Jakarta GBK,38,38,16,,
2025-05-27 18:08:11,8294,"Kemayoran, Indonesia",43,43,,32,62
2025-05-27 19:18:05,-416842,Jakarta GBK,34,34,15,,
2025-05-27 19:18:05,8294,"Kemayoran, Indonesia",52,52,,32,62
2025-05-27 20:24:59,-416842,Jakarta GBK,35,35,16,,
2025-05-27 20:24:59,8294,"Kemayoran, Indonesia",62,62,,30,62
2025-05-27 21:08:47,-416842,Jakarta GBK,35,35,16,,
2025-05-27 21:08:47,8294,"Kemayoran, Indonesia",64,64,,29.5,63.5
2025-05-27 22:10:16,-416842,Jakarta GBK,36,36,16,,
2025-05-27 22:10:16,8294,"Kemayoran, Indonesia",66,66,,29,65
2025-05-27 23:12:04,-416842,Jakarta GBK,37,37,16,,
2025-05-27 23:12:04,8294,"Kemayoran, Indonesia",66,66,,29,65
2025-05-28 00:08:24,-416842,Jakarta GBK,38,38,16,,
2025-05-28 00:08:24,8294,"Kemayoran, Indonesia",66,66,,29,65
2025-05-28 01:11:46,-416842,Jakarta GBK,40,40,17,,
2025-05-28 01:11:46,8294,"Kemayoran, Indonesia",66,66,,29,65
2025-05-28 02:07:13,-416842,Jakarta GBK,40,40,17,,
2025-05-28 02:07:13,8294,"Kemayoran, Indonesia",66,66,,29,65
2025-05-28 03:10:41,-416842,Jakarta GBK,41,41,17,,
2025-05-28 03:10:41,8294,"Kemayoran, Indonesia",72,72,,26,83
2025-05-28 04:08:44,-416842,Jakarta GBK,42,42,17,,
2025-05-28 04:08:44,8294,"Kemayoran, Indonesia",72,72,,26,83
2025-05-28 05:08:41,-416842,Jakarta GBK,44,44,17,,
2025-05-28 05:08:41,8294,"Kemayoran, Indonesia",85,85,,26,83
2025-05-28 06:09:01,-416842,Jakarta GBK,47,47,18,,
2025-05-28 06:09:01,8294,"Kemayoran, Indonesia",106,106,,25,94
2025-05-28 07:46:06,-416842,Jakarta GBK,53,53,20,,
2025-05-28 07:46:06,8294,"Kemayoran, Indonesia",152,152,,26,88
2025-05-28 09:29:03,-416842,Jakarta GBK,58,58,24,,
2025-05-28 09:29:03,8294,"Kemayoran, Indonesia",152,152,,26,88
2025-05-28 10:37:13,-416842,Jakarta GBK,59,59,24,,
2025-05-28 10:37:13,8294,"Kemayoran, Indonesia",161,161,,32,59
2025-05-28 11:14:13,-416842,Jakarta GBK,59,59,24,,
2025-05-28 11:14:13,8294,"Kemayoran, Indonesia",161,161,,32,59
2025-05-28 12:10:05,-416842,Jakarta GBK,60,60,24,,
2025-05-28 12:10:05,8294,"Kemayoran, Indonesia",127,127,,32,59
2025-05-28 13:14:03,-416842,Jakarta GBK,60,60,24,,
2025-05-28 13:14:03,8294,"Kemayoran, Indonesia",125,125,,34,52
2025-05-28 14:09:53,-416842,Jakarta GBK,62,62,25,,
2025-05-28 14:09:53,8294,"Kemayoran, Indonesia",163,163,,34,52
2025-05-28 15:13:24,-416842,Jakarta GBK,63,63,26,,
2025-05-28 15:13:24,8294,"Kemayoran, Indonesia",161,161,,34,56
2025-05-28 16:10:40,-416842,Jakarta GBK,65,65,26,,
2025-05-28 16:10:40,8294,"Kemayoran, Indonesia",159,159,,34,56
2025-05-28 17:11:09,-416842,Jakarta GBK,66,66,27,,
2025-05-28 17:11:09,8294,"Kemayoran, Indonesia",154,154,,33,59
2025-05-28 18:08:19,-416842,Jakarta GBK,67,67,28,,
2025-05-28 18:08:19,8294,"Kemayoran, Indonesia",154,154,,33,59
2025-05-28 19:18:29,-416842,Jakarta GBK,69,69,29,,
2025-05-28 19:18:29,8294,"Kemayoran, Indonesia",154,154,,31,66
2025-05-28 20:25:21,-416842,Jakarta GBK,69,69,29,,
2025-05-28 20:25:21,8294,"Kemayoran, Indonesia",152,152,,30,74
2025-05-28 21:10:12,-416842,Jakarta GBK,69,69,29,,
2025-05-28 21:10:12,8294,"Kemayoran, Indonesia",153,153,,29,79
2025-05-28 22:08:48,-416842,Jakarta GBK,69,69,29,,
2025-05-28 22:08:48,8294,"Kemayoran, Indonesia",120,120,,29,70
2025-05-28 23:10:27,-416842,Jakarta GBK,70,70,29,,
2025-05-28 23:10:27,8294,"Kemayoran, Indonesia",118,118,,27,78
2025-05-29 00:08:48,-416842,Jakarta GBK,70,70,29,,
2025-05-29 00:08:48,8294,"Kemayoran, Indonesia",115,115,,27,78
2025-05-29 01:12:21,-416842,Jakarta GBK,72,72,30,,
2025-05-29 01:12:21,8294,"Kemayoran, Indonesia",115,115,,27,78
2025-05-29 02:07:42,-416842,Jakarta GBK,72,72,30,,
2025-05-29 02:07:42,8294,"Kemayoran, Indonesia",115,115,,27,78
2025-05-29 03:10:40,-416842,Jakarta GBK,74,74,31,,
2025-05-29 03:10:40,8294,"Kemayoran, Indonesia",153,153,,27,78
2025-05-29 04:08:34,-416842,Jakarta GBK,75,75,31,,
2025-05-29 04:08:34,8294,"Kemayoran, Indonesia",161,161,,27,78
2025-05-29 05:08:45,-416842,Jakarta GBK,76,76,32,,
2025-05-29 05:08:45,8294,"Kemayoran, Indonesia",160,160,,27,78
2025-05-29 06:09:12,-416842,Jakarta GBK,76,76,32,,
2025-05-29 06:09:12,8294,"Kemayoran, Indonesia",156,156,,27,88
2025-05-29 07:46:38,-416842,Jakarta GBK,75,75,32,,
2025-05-29 07:46:38,8294,"Kemayoran, Indonesia",155,155,,27,88
2025-05-29 09:28:46,-416842,Jakarta GBK,72,72,29,,
2025-05-29 09:28:46,8294,"Kemayoran, Indonesia",156,156,,30,70
2025-05-29 10:38:16,-416842,Jakarta GBK,72,72,29,,
2025-05-29 10:38:16,8294,"Kemayoran, Indonesia",139,139,,32,62
2025-05-29 11:14:52,-416842,Jakarta GBK,72,72,30,,
2025-05-29 11:14:52,8294,"Kemayoran, Indonesia",139,139,,32,62
2025-05-29 12:10:24,-416842,Jakarta GBK,73,73,30,,
2025-05-29 12:10:24,8294,"Kemayoran, Indonesia",109,109,,33,59
2025-05-29 13:14:15,-416842,Jakarta GBK,73,73,30,,
2025-05-29 13:14:15,8294,"Kemayoran, Indonesia",94,94,,33,59
2025-05-29 14:09:58,-416842,Jakarta GBK,73,73,30,,
2025-05-29 14:09:58,8294,"Kemayoran, Indonesia",117,117,,33,59
2025-05-29 15:13:21,-416842,Jakarta GBK,72,72,30,,
2025-05-29 15:13:21,8294,"Kemayoran, Indonesia",124,124,,29,79
2025-05-29 16:10:28,-416842,Jakarta GBK,71,71,29,,
2025-05-29 16:10:28,8294,"Kemayoran, Indonesia",86,86,,27,88
2025-05-29 17:10:21,-416842,Jakarta GBK,71,71,29,,
2025-05-29 17:10:21,8294,"Kemayoran, Indonesia",83,83,,28,85.5
2025-05-29 18:08:14,-416842,Jakarta GBK,71,71,29,,
2025-05-29 18:08:14,8294,"Kemayoran, Indonesia",75,75,,31,70
2025-05-29 19:17:36,-416842,Jakarta GBK,69,69,27,,
2025-05-29 19:17:36,8294,"Kemayoran, Indonesia",78,78,,30,74
2025-05-29 20:23:03,-416842,Jakarta GBK,68,68,27,,
2025-05-29 20:23:03,8294,"Kemayoran, Indonesia",87,87,,30,79
2025-05-29 21:09:15,-416842,Jakarta GBK,67,67,27,,
2025-05-29 21:09:15,8294,"Kemayoran, Indonesia",85,85,,26,88
2025-05-29 22:09:43,-416842,Jakarta GBK,68,68,27,,
2025-05-29 22:09:43,8294,"Kemayoran, Indonesia",69,69,,24,100
2025-05-29 23:11:20,-416842,Jakarta GBK,69,69,27,,
2025-05-29 23:11:20,8294,"Kemayoran, Indonesia",35,35,,24,100
2025-05-30 00:08:21,-416842,Jakarta GBK,71,71,28,,
2025-05-30 00:08:21,8294,"Kemayoran, Indonesia",60,60,,25,94
2025-05-30 01:12:57,-416842,Jakarta GBK,72,72,29,,
2025-05-30 01:12:57,8294,"Kemayoran, Indonesia",60,60,,25,94
2025-05-30 02:07:09,-416842,Jakarta GBK,74,74,31,,
2025-05-30 02:07:09,8294,"Kemayoran, Indonesia",60,60,,25,94
2025-05-30 03:11:03,-416842,Jakarta GBK,79,79,34,,
2025-05-30 03:11:03,8294,"Kemayoran, Indonesia",86,86,,25,94
2025-05-30 04:08:59,-416842,Jakarta GBK,79,79,34,,
2025-05-30 04:08:59,8294,"Kemayoran, Indonesia",94,94,,25,94
2025-05-30 05:08:36,-416842,Jakarta GBK,92,92,42,,
2025-05-30 05:08:36,8294,"Kemayoran, Indonesia",129,129,,25,94
2025-05-30 06:08:18,-416842,Jakarta GBK,95,95,45,,
2025-05-30 06:08:18,8294,"Kemayoran, Indonesia",149,149,,25,94
2025-05-30 07:45:55,-416842,Jakarta GBK,100,100,48,,
2025-05-30 07:45:55,8294,"Kemayoran, Indonesia",122,122,,25,94
2025-05-30 09:27:23,-416842,Jakarta GBK,104,104,50,,
2025-05-30 09:27:23,8294,"Kemayoran, Indonesia",155,155,,27,88
2025-05-30 10:36:26,-416842,Jakarta GBK,104,104,50,,
2025-05-30 10:36:26,8294,"Kemayoran, Indonesia",153,153,,31,70
2025-05-30 11:13:55,-416842,Jakarta GBK,105,105,50,,
2025-05-30 11:13:55,8294,"Kemayoran, Indonesia",153,153,,31,70
2025-05-30 12:10:03,-416842,Jakarta GBK,104,104,50,,
2025-05-30 12:10:03,8294,"Kemayoran, Indonesia",148,148,,32,59
2025-05-30 13:13:40,-416842,Jakarta GBK,104,104,49,,
2025-05-30 13:13:40,8294,"Kemayoran, Indonesia",93,93,,32,59
2025-05-30 14:09:33,-416842,Jakarta GBK,103,103,49,,
2025-05-30 14:09:33,8294,"Kemayoran, Indonesia",96,96,,33,59
2025-05-30 15:13:06,-416842,Jakarta GBK,102,102,49,,
2025-05-30 15:13:06,8294,"Kemayoran, Indonesia",95,95,,34,59
2025-05-30 16:10:07,-416842,Jakarta GBK,102,102,48,,
2025-05-30 16:10:07,8294,"Kemayoran, Indonesia",78,78,,33,62
2025-05-30 17:10:03,-416842,Jakarta GBK,102,102,48,,
2025-05-30 17:10:03,8294,"Kemayoran, Indonesia",83,83,,32,62
2025-05-30 18:08:04,-416842,Jakarta GBK,101,101,48,,
2025-05-30 18:08:04,8294,"Kemayoran, Indonesia",82,82,,32,64
2025-05-30 19:17:26,-416842,Jakarta GBK,101,101,48,,
2025-05-30 19:17:26,8294,"Kemayoran, Indonesia",86,86,,30,74
2025-05-30 20:22:31,-416842,Jakarta GBK,101,101,48,,
2025-05-30 20:22:31,8294,"Kemayoran, Indonesia",72,72,,29,83
2025-05-30 21:09:33,-416842,Jakarta GBK,101,101,48,,
2025-05-30 21:09:33,8294,"Kemayoran, Indonesia",115,115,,29,79
2025-05-30 22:09:29,-416842,Jakarta GBK,101,101,48,,
2025-05-30 22:09:29,8294,"Kemayoran, Indonesia",70,70,,29,79
2025-05-30 23:11:29,-416842,Jakarta GBK,98,98,47,,
2025-05-30 23:11:29,8294,"Kemayoran, Indonesia",88,88,,28,83
2025-05-31 00:08:38,-416842,Jakarta GBK,96,96,46,,
2025-05-31 00:08:38,8294,"Kemayoran, Indonesia",94,94,,28,83
2025-05-31 01:12:50,-416842,Jakarta GBK,96,96,46,,
2025-05-31 01:12:50,8294,"Kemayoran, Indonesia",94,94,,28,83
2025-05-31 02:07:24,-416842,Jakarta GBK,97,97,46,,
2025-05-31 02:07:24,8294,"Kemayoran, Indonesia",94,94,,28,83
2025-05-31 03:10:31,-416842,Jakarta GBK,95,95,44,,
2025-05-31 03:10:31,8294,"Kemayoran, Indonesia",163,163,,28,83
2025-05-31 04:08:10,-416842,Jakarta GBK,95,95,44,,
2025-05-31 04:08:10,8294,"Kemayoran, Indonesia",168,168,,28,83
2025-05-31 05:08:42,-416842,Jakarta GBK,89,89,40,,
2025-05-31 05:08:42,8294,"Kemayoran, Indonesia",161,161,,28,83
2025-05-31 06:08:58,-416842,Jakarta GBK,88,88,38,,
2025-05-31 06:08:58,8294,"Kemayoran, Indonesia",169,169,,28,83
2025-05-31 07:44:38,-416842,Jakarta GBK,83,83,34,,
2025-05-31 07:44:38,8294,"Kemayoran, Indonesia",171,171,,27,88
2025-05-31 09:25:24,-416842,Jakarta GBK,80,80,32,,
2025-05-31 09:25:24,8294,"Kemayoran, Indonesia",167,167,,29,83
2025-05-31 10:34:57,-416842,Jakarta GBK,79,79,32,,
2025-05-31 10:34:57,8294,"Kemayoran, Indonesia",108,108,,32,62
2025-05-31 11:12:53,-416842,Jakarta GBK,79,79,32,,
2025-05-31 11:12:53,8294,"Kemayoran, Indonesia",108,108,,32,62
2025-05-31 12:09:12,-416842,Jakarta GBK,79,79,32,,
2025-05-31 12:09:12,8294,"Kemayoran, Indonesia",123,123,,33,55
2025-05-31 13:12:17,-416842,Jakarta GBK,79,79,32,,
2025-05-31 13:12:17,8294,"Kemayoran, Indonesia",112,112,,33,55
2025-05-31 14:08:27,-416842,Jakarta GBK,79,79,32,,
2025-05-31 14:08:27,8294,"Kemayoran, Indonesia",103,103,,34,52
2025-05-31 15:11:26,-416842,Jakarta GBK,79,79,32,,
2025-05-31 15:11:26,8294,"Kemayoran, Indonesia",100,100,,34,50.5
2025-05-31 16:08:54,-416842,Jakarta GBK,79,79,32,,
2025-05-31 16:08:54,8294,"Kemayoran, Indonesia",85,85,,34,56
2025-05-31 17:08:57,-416842,Jakarta GBK,80,80,33,,
2025-05-31 17:08:57,8294,"Kemayoran, Indonesia",106,106,,34,56
2025-05-31 18:07:13,-416842,Jakarta GBK,81,81,33,,
2025-05-31 18:07:13,8294,"Kemayoran, Indonesia",137,137,,34,56
2025-05-31 19:15:16,-416842,Jakarta GBK,81,81,34,,
2025-05-31 19:15:16,8294,"Kemayoran, Indonesia",138,138,,29,79
2025-05-31 20:19:30,-416842,Jakarta GBK,82,82,34,,
2025-05-31 20:19:30,8294,"Kemayoran, Indonesia",108,108,,29,79
2025-05-31 21:07:40,-416842,Jakarta GBK,83,83,35,,
2025-05-31 21:07:40,8294,"Kemayoran, Indonesia",155,155,,27,78
2025-05-31 22:07:52,-416842,Jakarta GBK,84,84,35,,
2025-05-31 22:07:52,8294,"Kemayoran, Indonesia",159,159,,26,83
2025-05-31 23:09:50,-416842,Jakarta GBK,84,84,35,,
2025-05-31 23:09:50,8294,"Kemayoran, Indonesia",147,147,,26,83
2025-06-01 00:07:04,-416842,Jakarta GBK,84,84,35,,
2025-06-01 00:07:04,8294,"Kemayoran, Indonesia",129,129,,26,88
2025-06-01 01:11:31,-416842,Jakarta GBK,82,82,33,,
2025-06-01 01:11:31,8294,"Kemayoran, Indonesia",129,129,,26,88
2025-06-01 02:06:35,-416842,Jakarta GBK,82,82,33,,
2025-06-01 02:06:35,8294,"Kemayoran, Indonesia",129,129,,26,88
2025-06-01 03:09:16,-416842,Jakarta GBK,78,78,31,,
2025-06-01 03:09:16,8294,"Kemayoran, Indonesia",116,116,,26,88
2025-06-01 04:07:36,-416842,Jakarta GBK,74,74,29,,
2025-06-01 04:07:36,8294,"Kemayoran, Indonesia",105,105,,26,88
2025-06-01 05:07:58,-416842,Jakarta GBK,71,71,28,,
2025-06-01 05:07:58,8294,"Kemayoran, Indonesia",96,96,,26,88
2025-06-01 06:08:34,-416842,Jakarta GBK,65,65,25,,
2025-06-01 06:08:34,8294,"Kemayoran, Indonesia",121,121,,25,94
2025-06-01 07:58:04,-416842,Jakarta GBK,60,60,22,,
2025-06-01 07:58:04,8294,"Kemayoran, Indonesia",92,92,,25,88
2025-06-01 09:59:31,-416842,Jakarta GBK,62,62,23,,
2025-06-01 09:59:31,8294,"Kemayoran, Indonesia",95,95,,30,70
2025-06-01 10:57:51,-416842,Jakarta GBK,63,63,24,,
2025-06-01 10:57:51,8294,"Kemayoran, Indonesia",151,151,,30,70
2025-06-01 11:31:40,-416842,Jakarta GBK,64,64,25,,
2025-06-01 11:31:40,8294,"Kemayoran, Indonesia",135,135,,31,58
2025-06-01 12:10:27,-416842,Jakarta GBK,64,64,25,,
2025-06-01 12:10:27,8294,"Kemayoran, Indonesia",135,135,,31,58
2025-06-01 13:13:05,-416842,Jakarta GBK,65,65,25,,
2025-06-01 13:13:05,8294,"Kemayoran, Indonesia",79,79,,31,58
2025-06-01 14:08:54,-416842,Jakarta GBK,65,65,25,,
2025-06-01 14:08:54,8294,"Kemayoran, Indonesia",102,102,,31,58
2025-06-01 15:11:53,-416842,Jakarta GBK,66,66,26,,
2025-06-01 15:11:53,8294,"Kemayoran, Indonesia",144,144,,31,58
2025-06-01 16:09:16,-416842,Jakarta GBK,66,66,26,,
2025-06-01 16:09:16,8294,"Kemayoran, Indonesia",134,134,,30,66
2025-06-01 17:09:25,-416842,Jakarta GBK,66,66,26,,
2025-06-01 17:09:25,8294,"Kemayoran, Indonesia",131,131,,30,66
2025-06-01 18:06:47,-416842,Jakarta GBK,66,66,26,,
2025-06-01 18:06:47,8294,"Kemayoran, Indonesia",138,138,,29,74
2025-06-01 19:15:57,-416842,Jakarta GBK,67,67,27,,
2025-06-01 19:15:57,8294,"Kemayoran, Indonesia",129,129,,29,74
2025-06-01 20:18:53,-416842,Jakarta GBK,67,67,27,,
2025-06-01 20:18:53,8294,"Kemayoran, Indonesia",146,146,,29,74
2025-06-01 21:07:55,-416842,Jakarta GBK,67,67,26,,
2025-06-01 21:07:55,8294,"Kemayoran, Indonesia",137,137,,28,78
2025-06-01 22:08:06,-416842,Jakarta GBK,67,67,26,,
2025-06-01 22:08:06,8294,"Kemayoran, Indonesia",120,120,,28,83
2025-06-01 23:10:00,-416842,Jakarta GBK,69,69,28,,
2025-06-01 23:10:00,8294,"Kemayoran, Indonesia",134,134,,28,83
2025-06-02 00:07:31,-416842,Jakarta GBK,69,69,28,,
2025-06-02 00:07:31,8294,"Kemayoran, Indonesia",159,159,,27,88
2025-06-02 01:11:44,-416842,Jakarta GBK,73,73,30,,
2025-06-02 01:11:44,8294,"Kemayoran, Indonesia",159,159,,27,88
2025-06-02 02:06:55,-416842,Jakarta GBK,76,76,31,,
2025-06-02 02:06:55,8294,"Kemayoran, Indonesia",159,159,,27,88
2025-06-02 03:09:41,-416842,Jakarta GBK,78,78,32,,
2025-06-02 03:09:41,8294,"Kemayoran, Indonesia",155,155,,27,88
