date,pm25,month
2020-01-01,71.0,1
2020-01-02,71.0,1
2020-01-03,71.0,1
2020-01-04,71.0,1
2020-01-05,71.0,1
2020-01-06,71.0,1
2020-01-07,71.0,1
2020-01-08,71.0,1
2020-01-09,71.0,1
2020-01-10,64.0,1
2020-01-11,79.0,1
2020-01-12,63.0,1
2020-01-16,93.0,1
2020-01-17,125.0,1
2020-01-18,94.0,1
2020-01-19,128.0,1
2020-01-20,96.0,1
2020-01-21,62.0,1
2020-01-22,106.0,1
2020-01-23,75.0,1
2020-01-24,91.0,1
2020-01-25,70.0,1
2020-01-26,122.0,1
2020-01-27,71.0,1
2020-01-28,126.0,1
2020-01-29,104.0,1
2020-01-30,55.0,1
2020-01-31,80.0,1
2020-02-01,81.0,2
2020-02-02,100.0,2
2020-02-03,79.0,2
2020-02-04,41.0,2
2020-02-05,70.0,2
2020-02-06,55.0,2
2020-02-07,87.0,2
2020-02-08,87.0,2
2020-02-09,63.0,2
2020-02-10,100.0,2
2020-02-11,113.0,2
2020-02-12,101.0,2
2020-02-13,84.0,2
2020-02-14,92.0,2
2020-02-15,126.0,2
2020-02-16,106.0,2
2020-02-17,76.0,2
2020-02-18,76.0,2
2020-02-19,73.0,2
2020-02-20,76.0,2
2020-02-21,90.0,2
2020-02-22,90.0,2
2020-02-23,82.0,2
2020-02-24,58.0,2
2020-02-25,77.0,2
2020-02-26,65.0,2
2020-02-27,90.0,2
2020-02-28,79.0,2
2020-02-29,131.0,2
2020-03-01,85.0,3
2020-03-02,93.0,3
2020-03-03,56.0,3
2020-03-04,93.0,3
2020-03-05,65.0,3
2020-03-06,92.0,3
2020-03-07,28.0,3
2020-03-09,126.0,3
2020-03-10,68.0,3
2020-03-11,68.0,3
2020-03-12,74.0,3
2020-03-13,89.0,3
2020-03-14,139.0,3
2020-03-15,128.0,3
2020-03-16,112.0,3
2020-03-17,108.0,3
2020-03-18,60.0,3
2020-03-19,112.0,3
2020-03-20,86.0,3
2020-03-21,99.0,3
2020-03-22,56.0,3
2020-03-23,100.0,3
2020-03-24,126.0,3
2020-03-25,76.0,3
2020-03-26,96.0,3
2020-03-27,91.0,3
2020-03-28,135.0,3
2020-03-29,106.0,3
2020-03-30,102.0,3
2020-03-31,107.0,3
2020-04-01,70.0,4
2020-04-02,222.0,4
2020-04-03,58.0,4
2020-04-04,89.0,4
2020-04-05,94.0,4
2020-04-06,81.0,4
2020-04-07,62.0,4
2020-04-08,68.0,4
2020-04-09,64.0,4
2020-04-10,104.0,4
2020-04-11,110.0,4
2020-04-12,120.0,4
2020-04-13,45.0,4
2020-04-14,103.0,4
2020-04-15,69.0,4
2020-04-16,101.0,4
2020-04-17,172.0,4
2020-04-18,86.0,4
2020-04-19,172.0,4
2020-04-20,151.0,4
2020-04-21,86.0,4
2020-04-22,1.0,4
2020-04-23,150.0,4
2020-04-24,102.0,4
2020-04-25,86.0,4
2020-04-26,175.0,4
2020-04-27,86.0,4
2020-04-28,86.0,4
2020-04-29,86.0,4
2020-04-30,86.0,4
2020-05-01,108.0,5
2020-05-02,108.0,5
2020-05-03,108.0,5
2020-05-04,108.0,5
2020-05-05,108.0,5
2020-05-06,108.0,5
2020-05-07,108.0,5
2020-05-08,108.0,5
2020-05-09,108.0,5
2020-05-10,108.0,5
2020-05-11,108.0,5
2020-05-12,108.0,5
2020-05-13,108.0,5
2020-05-14,108.0,5
2020-05-15,108.0,5
2020-05-16,108.0,5
2020-05-17,108.0,5
2020-05-18,108.0,5
2020-05-19,108.0,5
2020-05-20,108.0,5
2020-05-21,108.0,5
2020-05-22,108.0,5
2020-05-23,108.0,5
2020-05-26,108.0,5
2020-05-27,108.0,5
2020-05-28,108.0,5
2020-05-29,108.0,5
2020-05-30,108.0,5
2020-05-31,108.0,5
2020-06-01,136.0,6
2020-06-02,121.0,6
2020-06-03,121.0,6
2020-06-04,121.0,6
2020-06-05,121.0,6
2020-06-07,121.0,6
2020-06-08,121.0,6
2020-06-09,121.0,6
2020-06-10,121.0,6
2020-06-11,121.0,6
2020-06-12,121.0,6
2020-06-13,121.0,6
2020-06-14,121.0,6
2020-06-15,121.0,6
2020-06-16,121.0,6
2020-06-17,121.0,6
2020-06-18,121.0,6
2020-06-19,121.0,6
2020-06-20,121.0,6
2020-06-21,121.0,6
2020-06-22,121.0,6
2020-06-23,121.0,6
2020-06-24,121.0,6
2020-06-25,121.0,6
2020-06-26,121.0,6
2020-06-27,121.0,6
2020-06-28,121.0,6
2020-06-29,121.0,6
2020-06-30,121.0,6
2020-07-01,126.0,7
2020-07-02,126.0,7
2020-07-03,126.0,7
2020-07-04,126.0,7
2020-07-05,126.0,7
2020-07-06,126.0,7
2020-07-07,126.0,7
2020-07-08,126.0,7
2020-07-09,126.0,7
2020-07-10,126.0,7
2020-07-11,126.0,7
2020-07-12,126.0,7
2020-07-13,126.0,7
2020-07-14,126.0,7
2020-07-15,126.0,7
2020-07-16,126.0,7
2020-07-17,126.0,7
2020-07-18,126.0,7
2020-07-19,126.0,7
2020-07-20,126.0,7
2020-07-21,126.0,7
2020-07-22,126.0,7
2020-07-23,126.0,7
2020-07-24,126.0,7
2020-07-25,126.0,7
2020-07-27,126.0,7
2020-07-28,126.0,7
2020-07-29,126.0,7
2020-07-30,126.0,7
2020-07-31,126.0,7
2020-08-01,125.0,8
2020-08-02,125.0,8
2020-08-03,125.0,8
2020-08-04,125.0,8
2020-08-05,125.0,8
2020-08-06,125.0,8
2020-08-07,64.0,8
2020-08-08,125.0,8
2020-08-09,125.0,8
2020-08-10,33.0,8
2020-08-11,126.0,8
2020-08-12,134.0,8
2020-08-13,68.0,8
2020-08-14,103.0,8
2020-08-15,140.0,8
2020-08-16,115.0,8
2020-08-17,125.0,8
2020-08-18,96.0,8
2020-08-19,136.0,8
2020-08-20,105.0,8
2020-08-21,99.0,8
2020-08-22,140.0,8
2020-08-23,143.0,8
2020-08-24,104.0,8
2020-08-25,108.0,8
2020-08-26,108.0,8
2020-08-27,107.0,8
2020-08-28,142.0,8
2020-08-29,111.0,8
2020-08-30,112.0,8
2020-08-31,116.0,8
2020-09-01,135.0,9
2020-09-02,120.0,9
2020-09-03,109.0,9
2020-09-04,146.0,9
2020-09-05,106.0,9
2020-09-06,119.0,9
2020-09-07,77.0,9
2020-09-08,100.0,9
2020-09-09,66.0,9
2020-09-10,119.0,9
2020-09-11,141.0,9
2020-09-12,117.0,9
2020-09-13,125.0,9
2020-09-14,128.0,9
2020-09-15,123.0,9
2020-09-16,123.0,9
2020-09-17,123.0,9
2020-09-18,123.0,9
2020-09-19,123.0,9
2020-09-20,123.0,9
2020-09-21,123.0,9
2020-09-22,123.0,9
2020-09-23,123.0,9
2020-09-24,123.0,9
2020-09-25,123.0,9
2020-09-26,123.0,9
2020-09-27,123.0,9
2020-09-28,123.0,9
2020-09-29,123.0,9
2020-09-30,123.0,9
2020-10-01,119.0,10
2020-10-02,119.0,10
2020-10-03,119.0,10
2020-10-04,119.0,10
2020-10-05,119.0,10
2020-10-06,119.0,10
2020-10-07,119.0,10
2020-10-08,119.0,10
2020-10-09,119.0,10
2020-10-10,110.0,10
2020-10-11,109.0,10
2020-10-12,113.0,10
2020-10-13,123.0,10
2020-10-14,129.0,10
2020-10-15,98.0,10
2020-10-16,98.0,10
2020-10-17,98.0,10
2020-10-18,98.0,10
2020-10-19,98.0,10
2020-10-20,98.0,10
2020-10-21,119.0,10
2020-10-22,119.0,10
2020-10-23,119.0,10
2020-10-24,119.0,10
2020-10-25,119.0,10
2020-10-26,119.0,10
2020-10-27,119.0,10
2020-10-28,119.0,10
2020-10-29,119.0,10
2020-10-30,119.0,10
2020-10-31,119.0,10
2020-11-01,103.0,11
2020-11-02,103.0,11
2020-11-03,103.0,11
2020-11-04,103.0,11
2020-11-05,103.0,11
2020-11-06,103.0,11
2020-11-07,103.0,11
2020-11-08,103.0,11
2020-11-09,103.0,11
2020-11-10,103.0,11
2020-11-11,180.0,11
2020-11-12,103.0,11
2020-11-13,103.0,11
2020-11-14,103.0,11
2020-11-15,103.0,11
2020-11-16,103.0,11
2020-11-17,103.0,11
2020-11-18,103.0,11
2020-11-19,103.0,11
2020-11-20,75.0,11
2020-11-21,104.0,11
2020-11-22,118.0,11
2020-11-23,119.0,11
2020-11-24,77.0,11
2020-11-25,103.0,11
2020-11-26,125.0,11
2020-11-27,102.0,11
2020-11-28,118.0,11
2020-11-29,90.0,11
2020-11-30,101.0,11
2020-12-01,90.0,12
2020-12-02,108.0,12
2020-12-03,82.0,12
2020-12-04,72.0,12
2020-12-05,66.0,12
2020-12-06,46.0,12
2020-12-07,54.0,12
2020-12-08,79.0,12
2020-12-09,95.0,12
2020-12-10,69.0,12
2020-12-11,59.0,12
2020-12-12,55.0,12
2020-12-13,59.0,12
2020-12-14,58.0,12
2020-12-15,76.0,12
2020-12-16,112.0,12
2020-12-17,94.0,12
2020-12-18,101.0,12
2020-12-19,71.0,12
2020-12-20,72.0,12
2020-12-21,79.0,12
2020-12-22,86.0,12
2020-12-23,53.0,12
2020-12-24,86.0,12
2020-12-25,86.0,12
2020-12-26,86.0,12
2020-12-27,86.0,12
2020-12-28,86.0,12
2020-12-29,86.0,12
2020-12-30,89.0,12
2020-12-31,63.0,12
2021-01-01,91.0,1
2021-01-02,96.0,1
2021-01-03,71.0,1
2021-01-04,93.0,1
2021-01-05,71.0,1
2021-01-06,83.0,1
2021-01-07,69.0,1
2021-01-08,65.0,1
2021-01-09,96.0,1
2021-01-10,60.0,1
2021-01-11,94.0,1
2021-01-12,69.0,1
2021-01-13,108.0,1
2021-01-14,49.0,1
2021-01-15,99.0,1
2021-01-16,120.0,1
2021-01-17,86.0,1
2021-01-18,62.0,1
2021-01-19,100.0,1
2021-01-20,82.0,1
2021-01-21,93.0,1
2021-01-22,93.0,1
2021-01-23,128.0,1
2021-01-24,51.0,1
2021-01-25,71.0,1
2021-01-26,71.0,1
2021-01-27,8.0,1
2021-01-28,15.0,1
2021-01-29,19.0,1
2021-01-30,14.0,1
2021-01-31,16.0,1
2021-02-01,32.0,2
2021-02-02,18.0,2
2021-02-03,17.0,2
2021-02-04,9.0,2
2021-02-05,1.0,2
2021-02-06,13.0,2
2021-02-07,11.0,2
2021-02-08,10.0,2
2021-02-09,15.0,2
2021-02-10,13.0,2
2021-02-11,15.0,2
2021-02-12,16.0,2
2021-02-13,15.0,2
2021-02-14,11.0,2
2021-02-15,18.0,2
2021-02-16,11.0,2
2021-02-17,21.0,2
2021-02-18,12.0,2
2021-02-19,14.0,2
2021-02-20,11.0,2
2021-02-21,14.0,2
2021-02-22,23.0,2
2021-02-23,19.0,2
2021-02-24,18.0,2
2021-02-25,16.0,2
2021-02-26,12.0,2
2021-02-27,21.0,2
2021-02-28,20.0,2
2021-03-01,21.0,3
2021-03-02,13.0,3
2021-03-03,22.0,3
2021-03-04,21.0,3
2021-03-05,24.0,3
2021-03-06,25.0,3
2021-03-07,31.0,3
2021-03-08,18.0,3
2021-03-09,17.0,3
2021-03-10,19.0,3
2021-03-11,4.0,3
2021-03-12,13.0,3
2021-03-13,9.0,3
2021-03-14,68.0,3
2021-03-15,68.0,3
2021-03-16,68.0,3
2021-03-17,3.0,3
2021-03-18,34.0,3
2021-03-19,21.0,3
2021-03-20,20.0,3
2021-03-21,18.0,3
2021-03-22,16.0,3
2021-03-23,23.0,3
2021-03-24,19.0,3
2021-03-25,13.0,3
2021-03-26,25.0,3
2021-03-27,8.0,3
2021-03-28,35.0,3
2021-03-29,68.0,3
2021-03-30,68.0,3
2021-03-31,68.0,3
2021-04-01,86.0,4
2021-04-02,86.0,4
2021-04-03,86.0,4
2021-04-04,86.0,4
2021-04-05,86.0,4
2021-04-06,86.0,4
2021-04-07,86.0,4
2021-04-08,86.0,4
2021-04-09,86.0,4
2021-04-10,86.0,4
2021-04-11,86.0,4
2021-04-12,21.0,4
2021-04-13,25.0,4
2021-04-14,24.0,4
2021-04-15,19.0,4
2021-04-16,29.0,4
2021-04-17,25.0,4
2021-04-18,25.0,4
2021-04-19,30.0,4
2021-04-20,38.0,4
2021-04-21,86.0,4
2021-04-22,86.0,4
2021-04-23,25.0,4
2021-04-24,31.0,4
2021-04-25,86.0,4
2021-04-26,1.0,4
2021-04-27,33.0,4
2021-04-28,22.0,4
2021-04-29,29.0,4
2021-04-30,24.0,4
2021-05-01,26.0,5
2021-05-02,21.0,5
2021-05-03,21.0,5
2021-05-04,27.0,5
2021-05-05,26.0,5
2021-05-06,20.0,5
2021-05-07,31.0,5
2021-05-08,18.0,5
2021-05-09,18.0,5
2021-05-10,26.0,5
2021-05-11,35.0,5
2021-05-12,25.0,5
2021-05-13,33.0,5
2021-05-14,26.0,5
2021-05-15,22.0,5
2021-05-16,25.0,5
2021-05-17,24.0,5
2021-05-18,18.0,5
2021-05-19,26.0,5
2021-05-20,13.0,5
2021-05-21,35.0,5
2021-05-22,22.0,5
2021-05-23,30.0,5
2021-05-24,32.0,5
2021-05-25,25.0,5
2021-05-26,28.0,5
2021-05-27,12.0,5
2021-05-28,108.0,5
2021-05-29,108.0,5
2021-05-30,108.0,5
2021-05-31,2.0,5
2021-06-01,27.0,6
2021-06-02,31.0,6
2021-06-03,25.0,6
2021-06-04,32.0,6
2021-06-05,29.0,6
2021-06-06,24.0,6
2021-06-07,19.0,6
2021-06-08,19.0,6
2021-06-09,15.0,6
2021-06-10,32.0,6
2021-06-11,14.0,6
2021-06-12,29.0,6
2021-06-13,22.0,6
2021-06-14,25.0,6
2021-06-15,28.0,6
2021-06-16,31.0,6
2021-06-17,31.0,6
2021-06-18,32.0,6
2021-06-19,35.0,6
2021-06-20,40.0,6
2021-06-21,51.0,6
2021-06-22,28.0,6
2021-06-23,31.0,6
2021-06-24,121.0,6
2021-06-25,121.0,6
2021-06-26,121.0,6
2021-06-27,121.0,6
2021-06-29,6.0,6
2021-06-30,37.0,6
2021-07-01,24.0,7
2021-07-02,39.0,7
2021-07-03,24.0,7
2021-07-04,32.0,7
2021-07-05,34.0,7
2021-07-06,21.0,7
2021-07-07,30.0,7
2021-07-08,29.0,7
2021-07-09,29.0,7
2021-07-10,24.0,7
2021-07-11,20.0,7
2021-07-12,19.0,7
2021-07-13,21.0,7
2021-07-14,17.0,7
2021-07-15,35.0,7
2021-07-16,37.0,7
2021-07-17,30.0,7
2021-07-18,28.0,7
2021-07-19,30.0,7
2021-07-25,126.0,7
2021-07-26,38.0,7
2021-07-27,27.0,7
2021-07-28,37.0,7
2021-07-29,25.0,7
2021-07-30,30.0,7
2021-07-31,13.0,7
2021-08-01,22.0,8
2021-08-02,19.0,8
2021-08-03,23.0,8
2021-08-04,23.0,8
2021-08-05,25.0,8
2021-08-06,29.0,8
2021-08-07,28.0,8
2021-08-08,28.0,8
2021-08-09,25.0,8
2021-08-10,16.0,8
2021-08-11,25.0,8
2021-08-12,31.0,8
2021-08-13,24.0,8
2021-08-14,125.0,8
2021-08-15,125.0,8
2021-08-16,16.0,8
2021-08-17,28.0,8
2021-08-18,24.0,8
2021-08-19,29.0,8
2021-08-20,31.0,8
2021-08-21,23.0,8
2021-08-22,32.0,8
2021-08-23,32.0,8
2021-08-24,33.0,8
2021-08-25,29.0,8
2021-08-26,29.0,8
2021-08-27,37.0,8
2021-08-28,36.0,8
2021-08-29,38.0,8
2021-08-30,37.0,8
2021-08-31,24.0,8
2021-09-01,43.0,9
2021-09-02,39.0,9
2021-09-03,25.0,9
2021-09-04,23.0,9
2021-09-05,34.0,9
2021-09-06,34.0,9
2021-09-07,20.0,9
2021-09-08,28.0,9
2021-09-09,30.0,9
2021-09-10,25.0,9
2021-09-11,30.0,9
2021-09-12,27.0,9
2021-09-13,29.0,9
2021-09-14,20.0,9
2021-09-15,34.0,9
2021-09-16,24.0,9
2021-09-17,31.0,9
2021-09-18,25.0,9
2021-09-19,22.0,9
2021-09-20,24.0,9
2021-09-21,25.0,9
2021-09-22,33.0,9
2021-09-23,28.0,9
2021-09-24,31.0,9
2021-09-25,38.0,9
2021-09-26,28.0,9
2021-09-27,29.0,9
2021-09-28,21.0,9
2021-09-29,29.0,9
2021-09-30,45.0,9
2021-10-01,119.0,10
2021-10-02,119.0,10
2021-10-06,119.0,10
2021-10-07,119.0,10
2021-10-08,119.0,10
2021-10-09,119.0,10
2021-10-10,119.0,10
2021-10-11,119.0,10
2021-10-12,119.0,10
2021-10-13,119.0,10
2021-10-14,22.0,10
2021-10-15,39.0,10
2021-10-16,32.0,10
2021-10-17,36.0,10
2021-10-18,13.0,10
2021-10-19,28.0,10
2021-10-20,20.0,10
2021-10-21,28.0,10
2021-10-22,39.0,10
2021-10-23,31.0,10
2021-10-24,30.0,10
2021-10-26,28.0,10
2021-10-27,26.0,10
2021-10-28,24.0,10
2021-10-29,31.0,10
2021-10-30,25.0,10
2021-10-31,33.0,10
2021-11-01,27.0,11
2021-11-02,26.0,11
2021-11-03,23.0,11
2021-11-04,27.0,11
2021-11-05,33.0,11
2021-11-06,28.0,11
2021-11-07,21.0,11
2021-11-08,29.0,11
2021-11-09,28.0,11
2021-11-10,14.0,11
2021-11-11,19.0,11
2021-11-12,23.0,11
2021-11-13,103.0,11
2021-11-14,103.0,11
2021-11-15,103.0,11
2021-11-16,103.0,11
2021-11-17,103.0,11
2021-11-18,103.0,11
2021-11-19,103.0,11
2021-11-20,103.0,11
2021-11-21,103.0,11
2021-11-22,103.0,11
2021-11-23,103.0,11
2021-11-24,103.0,11
2021-11-25,103.0,11
2021-11-26,103.0,11
2021-11-27,103.0,11
2021-11-28,103.0,11
2021-11-29,103.0,11
2021-11-30,103.0,11
2021-12-01,86.0,12
2021-12-02,86.0,12
2021-12-22,86.0,12
2021-12-23,86.0,12
2021-12-24,86.0,12
2021-12-25,86.0,12
2021-12-26,86.0,12
2021-12-27,86.0,12
2021-12-28,86.0,12
2021-12-29,86.0,12
2021-12-30,86.0,12
2021-12-31,86.0,12
2022-01-01,71.0,1
2022-01-02,71.0,1
2022-01-03,71.0,1
2022-01-04,71.0,1
2022-01-05,71.0,1
2022-01-06,71.0,1
2022-01-07,71.0,1
2022-01-08,71.0,1
2022-01-09,71.0,1
2022-01-10,71.0,1
2022-01-11,71.0,1
2022-01-12,71.0,1
2022-01-15,71.0,1
2022-01-16,71.0,1
2022-01-17,71.0,1
2022-01-27,72.0,1
2022-01-28,83.0,1
2022-01-29,128.0,1
2022-01-30,145.0,1
2022-01-31,93.0,1
2022-02-01,90.0,2
2022-02-02,65.0,2
2022-02-03,85.0,2
2022-02-04,70.0,2
2022-02-05,78.0,2
2022-02-06,59.0,2
2022-02-07,58.0,2
2022-02-08,114.0,2
2022-02-09,95.0,2
2022-02-10,63.0,2
2022-02-11,124.0,2
2022-02-15,146.0,2
2022-02-16,118.0,2
2022-02-17,119.0,2
2022-02-18,109.0,2
2022-02-19,124.0,2
2022-02-20,104.0,2
2022-02-21,95.0,2
2022-02-22,98.0,2
2022-02-23,97.0,2
2022-02-24,61.0,2
2022-02-25,63.0,2
2022-02-26,66.0,2
2022-02-27,55.0,2
2022-02-28,74.0,2
2022-03-01,62.0,3
2022-03-02,71.0,3
2022-03-03,56.0,3
2022-03-04,68.0,3
2022-03-05,66.0,3
2022-03-06,66.0,3
2022-03-07,60.0,3
2022-03-08,75.0,3
2022-03-11,115.0,3
2022-03-12,54.0,3
2022-03-13,72.0,3
2022-03-14,115.0,3
2022-03-15,96.0,3
2022-03-16,108.0,3
2022-03-17,123.0,3
2022-03-18,120.0,3
2022-03-19,68.0,3
2022-03-20,62.0,3
2022-03-21,49.0,3
2022-03-22,71.0,3
2022-03-23,52.0,3
2022-03-25,129.0,3
2022-03-26,131.0,3
2022-03-27,129.0,3
2022-03-28,72.0,3
2022-03-29,107.0,3
2022-03-30,114.0,3
2022-03-31,88.0,3
2022-04-01,138.0,4
2022-04-02,85.0,4
2022-04-03,51.0,4
2022-04-04,91.0,4
2022-04-05,125.0,4
2022-04-06,94.0,4
2022-04-07,102.0,4
2022-04-08,73.0,4
2022-04-09,102.0,4
2022-04-10,124.0,4
2022-04-11,113.0,4
2022-04-12,155.0,4
2022-04-13,153.0,4
2022-04-14,104.0,4
2022-04-15,132.0,4
2022-04-16,125.0,4
2022-04-17,128.0,4
2022-04-18,98.0,4
2022-04-19,108.0,4
2022-04-20,86.0,4
2022-04-21,82.0,4
2022-04-22,135.0,4
2022-04-23,115.0,4
2022-04-24,106.0,4
2022-04-25,115.0,4
2022-04-26,81.0,4
2022-04-27,66.0,4
2022-04-28,56.0,4
2022-04-29,51.0,4
2022-04-30,98.0,4
2022-05-01,101.0,5
2022-05-02,103.0,5
2022-05-03,71.0,5
2022-05-04,89.0,5
2022-05-05,74.0,5
2022-05-06,65.0,5
2022-05-07,104.0,5
2022-05-08,76.0,5
2022-05-09,90.0,5
2022-05-10,103.0,5
2022-05-11,94.0,5
2022-05-12,90.0,5
2022-05-13,76.0,5
2022-05-14,117.0,5
2022-05-15,125.0,5
2022-05-16,113.0,5
2022-05-17,106.0,5
2022-05-18,115.0,5
2022-05-19,147.0,5
2022-05-20,109.0,5
2022-05-21,102.0,5
2022-05-22,108.0,5
2022-05-23,115.0,5
2022-05-24,109.0,5
2022-05-25,130.0,5
2022-05-26,106.0,5
2022-05-27,138.0,5
2022-05-28,125.0,5
2022-05-29,87.0,5
2022-05-30,93.0,5
2022-05-31,117.0,5
2022-06-01,121.0,6
2022-06-02,79.0,6
2022-06-03,99.0,6
2022-06-04,122.0,6
2022-06-05,126.0,6
2022-06-06,117.0,6
2022-06-07,107.0,6
2022-06-08,100.0,6
2022-06-09,85.0,6
2022-06-10,100.0,6
2022-06-11,102.0,6
2022-06-12,125.0,6
2022-06-13,105.0,6
2022-06-14,123.0,6
2022-06-15,152.0,6
2022-06-16,138.0,6
2022-06-17,134.0,6
2022-06-18,132.0,6
2022-06-19,135.0,6
2022-06-20,147.0,6
2022-06-21,131.0,6
2022-06-22,136.0,6
2022-06-23,130.0,6
2022-06-24,155.0,6
2022-06-25,139.0,6
2022-06-26,122.0,6
2022-06-27,117.0,6
2022-06-28,106.0,6
2022-06-29,93.0,6
2022-06-30,123.0,6
2022-07-01,142.0,7
2022-07-02,160.0,7
2022-07-03,125.0,7
2022-07-04,77.0,7
2022-07-05,106.0,7
2022-07-06,89.0,7
2022-07-07,113.0,7
2022-07-08,108.0,7
2022-07-09,98.0,7
2022-07-10,110.0,7
2022-07-11,140.0,7
2022-07-12,135.0,7
2022-07-13,127.0,7
2022-07-14,108.0,7
2022-07-15,88.0,7
2022-07-16,69.0,7
2022-07-17,98.0,7
2022-07-18,147.0,7
2022-07-19,132.0,7
2022-07-20,144.0,7
2022-07-21,137.0,7
2022-07-22,131.0,7
2022-07-23,90.0,7
2022-07-24,106.0,7
2022-07-25,97.0,7
2022-07-26,112.0,7
2022-07-27,141.0,7
2022-07-28,139.0,7
2022-07-29,103.0,7
2022-07-30,112.0,7
2022-07-31,139.0,7
2022-08-01,87.0,8
2022-08-02,148.0,8
2022-08-03,138.0,8
2022-08-04,89.0,8
2022-08-05,71.0,8
2022-08-06,105.0,8
2022-08-07,130.0,8
2022-08-08,95.0,8
2022-08-09,89.0,8
2022-08-10,120.0,8
2022-08-11,120.0,8
2022-08-12,103.0,8
2022-08-13,102.0,8
2022-08-14,105.0,8
2022-08-15,97.0,8
2022-08-16,114.0,8
2022-08-17,103.0,8
2022-08-18,97.0,8
2022-08-19,98.0,8
2022-08-20,119.0,8
2022-08-21,119.0,8
2022-08-22,115.0,8
2022-08-23,148.0,8
2022-08-24,144.0,8
2022-08-25,126.0,8
2022-08-26,158.0,8
2022-08-27,145.0,8
2022-08-28,122.0,8
2022-08-29,125.0,8
2022-08-30,123.0,8
2022-08-31,148.0,8
2022-09-01,110.0,9
2022-09-02,128.0,9
2022-09-03,97.0,9
2022-09-04,57.0,9
2022-09-05,132.0,9
2022-09-06,105.0,9
2022-09-07,110.0,9
2022-09-08,128.0,9
2022-09-09,138.0,9
2022-09-10,125.0,9
2022-09-11,113.0,9
2022-09-12,102.0,9
2022-09-13,135.0,9
2022-09-14,135.0,9
2022-09-15,134.0,9
2022-09-16,133.0,9
2022-09-17,135.0,9
2022-09-18,158.0,9
2022-09-19,138.0,9
2022-09-20,137.0,9
2022-09-21,126.0,9
2022-09-22,141.0,9
2022-09-23,138.0,9
2022-09-24,102.0,9
2022-09-25,126.0,9
2022-09-26,121.0,9
2022-09-27,102.0,9
2022-09-28,134.0,9
2022-09-29,129.0,9
2022-09-30,132.0,9
2022-10-01,103.0,10
2022-10-02,80.0,10
2022-10-03,118.0,10
2022-10-04,98.0,10
2022-10-05,106.0,10
2022-10-06,118.0,10
2022-10-07,99.0,10
2022-10-08,79.0,10
2022-10-09,119.0,10
2022-10-10,100.0,10
2022-10-11,151.0,10
2022-10-12,142.0,10
2022-10-13,123.0,10
2022-10-14,107.0,10
2022-10-15,118.0,10
2022-10-16,129.0,10
2022-10-17,126.0,10
2022-10-18,134.0,10
2022-10-19,135.0,10
2022-10-20,125.0,10
2022-10-21,86.0,10
2022-10-22,111.0,10
2022-10-23,87.0,10
2022-10-24,62.0,10
2022-10-25,83.0,10
2022-10-26,68.0,10
2022-10-27,98.0,10
2022-10-28,94.0,10
2022-10-29,99.0,10
2022-10-30,91.0,10
2022-10-31,97.0,10
2022-11-01,127.0,11
2022-11-02,127.0,11
2022-11-03,114.0,11
2022-11-04,137.0,11
2022-11-05,123.0,11
2022-11-06,91.0,11
2022-11-07,100.0,11
2022-11-08,131.0,11
2022-11-09,116.0,11
2022-11-10,88.0,11
2022-11-11,69.0,11
2022-11-12,70.0,11
2022-11-13,89.0,11
2022-11-14,88.0,11
2022-11-15,82.0,11
2022-11-16,76.0,11
2022-11-17,85.0,11
2022-11-18,70.0,11
2022-11-19,84.0,11
2022-11-20,64.0,11
2022-11-21,70.0,11
2022-11-22,70.0,11
2022-11-23,79.0,11
2022-11-24,75.0,11
2022-11-25,107.0,11
2022-11-26,117.0,11
2022-11-27,130.0,11
2022-11-28,118.0,11
2022-11-29,108.0,11
2022-11-30,94.0,11
2022-12-01,102.0,12
2022-12-02,104.0,12
2022-12-03,97.0,12
2022-12-04,121.0,12
2022-12-05,129.0,12
2022-12-06,116.0,12
2022-12-07,132.0,12
2022-12-08,111.0,12
2022-12-09,56.0,12
2022-12-10,80.0,12
2022-12-11,64.0,12
2022-12-12,42.0,12
2022-12-13,40.0,12
2022-12-14,41.0,12
2022-12-15,58.0,12
2022-12-16,79.0,12
2022-12-17,122.0,12
2022-12-18,126.0,12
2022-12-19,128.0,12
2022-12-20,96.0,12
2022-12-21,93.0,12
2022-12-22,56.0,12
2022-12-23,53.0,12
2022-12-24,103.0,12
2022-12-25,59.0,12
2022-12-26,79.0,12
2022-12-27,47.0,12
2022-12-28,57.0,12
2022-12-29,54.0,12
2022-12-30,75.0,12
2022-12-31,75.0,12
2023-01-01,57.0,1
2023-01-02,55.0,1
2023-01-03,40.0,1
2023-01-04,70.0,1
2023-01-05,67.0,1
2023-01-06,42.0,1
2023-01-07,43.0,1
2023-01-08,50.0,1
2023-01-09,56.0,1
2023-01-10,52.0,1
2023-01-11,92.0,1
2023-01-12,89.0,1
2023-01-13,119.0,1
2023-01-14,95.0,1
2023-01-15,57.0,1
2023-01-16,58.0,1
2023-01-17,63.0,1
2023-01-18,115.0,1
2023-01-19,76.0,1
2023-01-20,65.0,1
2023-01-21,67.0,1
2023-01-22,56.0,1
2023-01-23,51.0,1
2023-01-24,52.0,1
2023-01-25,61.0,1
2023-01-26,66.0,1
2023-01-27,63.0,1
2023-01-28,71.0,1
2023-01-29,74.0,1
2023-01-30,75.0,1
2023-01-31,95.0,1
2023-02-01,68.0,2
2023-02-02,64.0,2
2023-02-03,69.0,2
2023-02-04,94.0,2
2023-02-05,67.0,2
2023-02-06,72.0,2
2023-02-07,56.0,2
2023-02-08,66.0,2
2023-02-09,51.0,2
2023-02-10,47.0,2
2023-02-11,44.0,2
2023-02-12,41.0,2
2023-02-13,54.0,2
2023-02-14,39.0,2
2023-02-15,45.0,2
2023-02-16,56.0,2
2023-02-17,64.0,2
2023-02-18,94.0,2
2023-02-19,93.0,2
2023-02-20,51.0,2
2023-02-21,49.0,2
2023-02-22,44.0,2
2023-02-23,45.0,2
2023-02-27,53.0,2
2023-02-28,55.0,2
2023-03-01,68.0,3
2023-03-02,61.0,3
2023-03-03,59.0,3
2023-03-04,48.0,3
2023-03-05,64.0,3
2023-03-06,46.0,3
2023-03-07,53.0,3
2023-03-08,66.0,3
2023-03-09,28.0,3
2023-03-10,85.0,3
2023-03-11,91.0,3
2023-03-12,108.0,3
2023-03-13,92.0,3
2023-03-14,64.0,3
2023-03-15,68.0,3
2023-03-16,97.0,3
2023-03-17,70.0,3
2023-03-18,75.0,3
2023-03-19,101.0,3
2023-03-20,123.0,3
2023-03-21,89.0,3
2023-03-22,68.0,3
2023-03-23,41.0,3
2023-03-24,77.0,3
2023-03-25,89.0,3
2023-03-26,71.0,3
2023-03-27,66.0,3
2023-03-28,95.0,3
2023-03-29,91.0,3
2023-03-30,78.0,3
2023-03-31,53.0,3
2023-04-01,29.0,4
2023-04-02,67.0,4
2023-04-03,109.0,4
2023-04-04,78.0,4
2023-04-05,89.0,4
2023-04-06,65.0,4
2023-04-07,91.0,4
2023-04-08,115.0,4
2023-04-09,102.0,4
2023-04-10,36.0,4
2023-04-11,33.0,4
2023-04-12,34.0,4
2023-04-13,42.0,4
2023-04-14,76.0,4
2023-04-15,95.0,4
2023-04-16,66.0,4
2023-04-17,52.0,4
2023-04-18,105.0,4
2023-04-19,101.0,4
2023-04-20,101.0,4
2023-04-21,92.0,4
2023-04-22,96.0,4
2023-04-23,90.0,4
2023-04-24,84.0,4
2023-04-25,56.0,4
2023-04-26,78.0,4
2023-04-27,86.0,4
2023-04-28,58.0,4
2023-04-29,119.0,4
2023-04-30,106.0,4
2023-05-01,97.0,5
2023-05-02,126.0,5
2023-05-03,88.0,5
2023-05-04,64.0,5
2023-05-05,96.0,5
2023-05-06,84.0,5
2023-05-07,115.0,5
2023-05-08,79.0,5
2023-05-09,118.0,5
2023-05-10,132.0,5
2023-05-11,99.0,5
2023-05-12,53.0,5
2023-05-13,90.0,5
2023-05-14,87.0,5
2023-05-15,113.0,5
2023-05-16,103.0,5
2023-05-17,128.0,5
2023-05-18,144.0,5
2023-05-19,139.0,5
2023-05-20,138.0,5
2023-05-21,143.0,5
2023-05-22,148.0,5
2023-05-23,121.0,5
2023-05-24,146.0,5
2023-05-25,142.0,5
2023-05-26,141.0,5
2023-05-27,140.0,5
2023-05-28,126.0,5
2023-05-29,134.0,5
2023-05-30,140.0,5
2023-05-31,139.0,5
2023-06-01,131.0,6
2023-06-02,149.0,6
2023-06-03,125.0,6
2023-06-04,130.0,6
2023-06-05,123.0,6
2023-06-06,128.0,6
2023-06-07,137.0,6
2023-06-08,121.0,6
2023-06-09,118.0,6
2023-06-10,129.0,6
2023-06-11,142.0,6
2023-06-12,135.0,6
2023-06-13,130.0,6
2023-06-14,128.0,6
2023-06-15,146.0,6
2023-06-16,107.0,6
2023-06-17,121.0,6
2023-06-18,117.0,6
2023-06-19,102.0,6
2023-06-20,121.0,6
2023-06-21,141.0,6
2023-06-22,132.0,6
2023-06-23,120.0,6
2023-06-24,107.0,6
2023-06-25,124.0,6
2023-06-26,120.0,6
2023-06-27,138.0,6
2023-06-28,77.0,6
2023-06-29,75.0,6
2023-06-30,80.0,6
2023-07-01,127.0,7
2023-07-02,115.0,7
2023-07-03,129.0,7
2023-07-04,116.0,7
2023-07-05,143.0,7
2023-07-06,142.0,7
2023-07-07,136.0,7
2023-07-08,106.0,7
2023-07-09,100.0,7
2023-07-10,109.0,7
2023-07-11,107.0,7
2023-07-12,150.0,7
2023-07-13,143.0,7
2023-07-14,130.0,7
2023-07-15,110.0,7
2023-07-16,122.0,7
2023-07-17,117.0,7
2023-07-18,143.0,7
2023-07-19,126.0,7
2023-07-20,105.0,7
2023-07-21,141.0,7
2023-07-22,134.0,7
2023-07-23,126.0,7
2023-07-24,113.0,7
2023-07-25,156.0,7
2023-07-26,126.0,7
2023-07-27,148.0,7
2023-07-28,139.0,7
2023-07-29,145.0,7
2023-07-30,135.0,7
2023-07-31,132.0,7
2023-08-01,102.0,8
2023-08-02,130.0,8
2023-08-03,135.0,8
2023-08-04,136.0,8
2023-08-05,125.0,8
2023-08-06,142.0,8
2023-08-07,159.0,8
2023-08-08,157.0,8
2023-08-09,151.0,8
2023-08-10,156.0,8
2023-08-11,159.0,8
2023-08-12,136.0,8
2023-08-13,131.0,8
2023-08-14,152.0,8
2023-08-15,155.0,8
2023-08-16,152.0,8
2023-08-17,124.0,8
2023-08-18,120.0,8
2023-08-19,131.0,8
2023-08-20,140.0,8
2023-08-21,141.0,8
2023-08-22,156.0,8
2023-08-23,162.0,8
2023-08-24,132.0,8
2023-08-25,130.0,8
2023-08-26,102.0,8
2023-08-27,136.0,8
2023-08-28,119.0,8
2023-08-29,131.0,8
2023-08-30,136.0,8
2023-08-31,150.0,8
2023-09-01,153.0,9
2023-09-02,139.0,9
2023-09-03,126.0,9
2023-09-04,115.0,9
2023-09-05,129.0,9
2023-09-06,129.0,9
2023-09-07,127.0,9
2023-09-08,132.0,9
2023-09-09,122.0,9
2023-09-10,125.0,9
2023-09-11,113.0,9
2023-09-12,109.0,9
2023-09-13,118.0,9
2023-09-14,104.0,9
2023-09-15,121.0,9
2023-09-16,126.0,9
2023-09-17,109.0,9
2023-09-18,117.0,9
2023-09-19,114.0,9
2023-09-20,123.0,9
2023-09-21,127.0,9
2023-09-22,125.0,9
2023-09-23,105.0,9
2023-09-24,125.0,9
2023-09-25,131.0,9
2023-09-26,115.0,9
2023-09-27,111.0,9
2023-09-28,119.0,9
2023-09-29,123.0,9
2023-09-30,147.0,9
2023-10-01,126.0,10
2023-10-02,138.0,10
2023-10-03,100.0,10
2023-10-04,126.0,10
2023-10-05,118.0,10
2023-10-06,128.0,10
2023-10-07,145.0,10
2023-10-08,121.0,10
2023-10-09,111.0,10
2023-10-10,105.0,10
2023-10-11,102.0,10
2023-10-12,130.0,10
2023-10-13,131.0,10
2023-10-14,120.0,10
2023-10-15,113.0,10
2023-10-16,128.0,10
2023-10-17,113.0,10
2023-10-18,135.0,10
2023-10-19,110.0,10
2023-10-20,119.0,10
2023-10-21,114.0,10
2023-10-22,120.0,10
2023-10-23,115.0,10
2023-10-24,134.0,10
2023-10-25,127.0,10
2023-10-26,150.0,10
2023-10-27,138.0,10
2023-10-28,134.0,10
2023-10-29,136.0,10
2023-10-30,124.0,10
2023-10-31,133.0,10
2023-11-01,114.0,11
2023-11-02,131.0,11
2023-11-03,135.0,11
2023-11-04,129.0,11
2023-11-05,91.0,11
2023-11-06,103.0,11
2023-11-07,110.0,11
2023-11-08,112.0,11
2023-11-09,139.0,11
2023-11-10,136.0,11
2023-11-11,131.0,11
2023-11-12,110.0,11
2023-11-13,123.0,11
2023-11-14,101.0,11
2023-11-15,90.0,11
2023-11-16,107.0,11
2023-11-17,99.0,11
2023-11-18,103.0,11
2023-11-19,103.0,11
2023-11-20,89.0,11
2023-11-21,110.0,11
2023-11-22,82.0,11
2023-11-23,121.0,11
2023-11-24,130.0,11
2023-11-25,92.0,11
2023-11-26,104.0,11
2023-11-27,84.0,11
2023-11-28,104.0,11
2023-11-29,48.0,11
2023-11-30,95.0,11
2023-12-01,99.0,12
2023-12-02,113.0,12
2023-12-03,67.0,12
2023-12-04,98.0,12
2023-12-05,116.0,12
2023-12-06,101.0,12
2023-12-07,107.0,12
2023-12-08,103.0,12
2023-12-09,107.0,12
2023-12-10,111.0,12
2023-12-11,106.0,12
2023-12-12,101.0,12
2023-12-13,96.0,12
2023-12-14,106.0,12
2023-12-15,89.0,12
2023-12-16,100.0,12
2023-12-17,86.0,12
2023-12-18,88.0,12
2023-12-19,79.0,12
2023-12-20,73.0,12
2023-12-21,76.0,12
2023-12-22,78.0,12
2023-12-23,116.0,12
2023-12-24,129.0,12
2023-12-25,106.0,12
2023-12-26,111.0,12
2023-12-27,115.0,12
2023-12-28,108.0,12
2023-12-29,124.0,12
2023-12-30,108.0,12
2023-12-31,103.0,12
2024-01-01,100.0,1
2024-01-02,74.0,1
2024-01-03,88.0,1
2024-01-04,59.0,1
2024-01-05,62.0,1
2024-01-06,92.0,1
2024-01-07,99.0,1
2024-01-08,61.0,1
2024-01-09,86.0,1
2024-01-10,95.0,1
2024-01-11,55.0,1
2024-01-12,52.0,1
2024-01-13,63.0,1
2024-01-14,60.0,1
2024-01-15,76.0,1
2024-01-16,49.0,1
2024-01-17,68.0,1
2024-01-18,53.0,1
2024-01-19,36.0,1
2024-01-20,40.0,1
2024-01-21,48.0,1
2024-01-22,43.0,1
2024-01-23,44.0,1
2024-01-24,44.0,1
2024-01-25,69.0,1
2024-01-26,77.0,1
2024-01-27,50.0,1
2024-01-28,71.0,1
2024-01-29,59.0,1
2024-01-30,78.0,1
2024-01-31,60.0,1
2024-02-01,73.0,2
2024-02-02,81.0,2
2024-02-03,53.0,2
2024-02-04,48.0,2
2024-02-05,73.0,2
2024-02-06,67.0,2
2024-02-07,77.0,2
2024-02-08,60.0,2
2024-02-09,111.0,2
2024-02-10,65.0,2
2024-02-11,55.0,2
2024-02-12,66.0,2
2024-02-13,52.0,2
2024-02-14,47.0,2
2024-02-15,69.0,2
2024-02-16,85.0,2
2024-02-17,49.0,2
2024-02-18,57.0,2
2024-02-19,82.0,2
2024-02-20,77.0,2
2024-02-21,122.0,2
2024-02-22,85.0,2
2024-02-23,66.0,2
2024-02-24,51.0,2
2024-02-25,47.0,2
2024-02-26,41.0,2
2024-02-27,88.0,2
2024-02-28,66.0,2
2024-02-29,56.0,2
2024-03-01,70.0,3
2024-03-02,69.0,3
2024-03-03,52.0,3
2024-03-04,63.0,3
2024-03-05,41.0,3
2024-03-06,40.0,3
2024-03-07,34.0,3
2024-03-08,39.0,3
2024-03-09,67.0,3
2024-03-10,94.0,3
2024-03-11,53.0,3
2024-03-12,77.0,3
2024-03-13,67.0,3
2024-03-14,69.0,3
2024-03-15,49.0,3
2024-03-16,36.0,3
2024-03-17,38.0,3
2024-03-18,50.0,3
2024-03-19,36.0,3
2024-03-20,41.0,3
2024-03-21,56.0,3
2024-03-22,44.0,3
2024-03-25,62.0,3
2024-03-26,114.0,3
2024-03-27,90.0,3
2024-03-28,142.0,3
2024-03-29,118.0,3
2024-03-30,104.0,3
2024-03-31,116.0,3
2024-04-01,124.0,4
2024-04-02,116.0,4
2024-04-03,106.0,4
2024-04-04,100.0,4
2024-04-05,128.0,4
2024-04-06,101.0,4
2024-04-07,110.0,4
2024-04-08,71.0,4
2024-04-09,86.0,4
2024-04-10,111.0,4
2024-04-11,64.0,4
2024-04-12,51.0,4
2024-04-13,76.0,4
2024-04-14,49.0,4
2024-04-15,52.0,4
2024-04-16,85.0,4
2024-04-17,86.0,4
2024-04-18,99.0,4
2024-04-19,91.0,4
2024-04-20,105.0,4
2024-04-21,53.0,4
2024-04-22,80.0,4
2024-04-23,101.0,4
2024-04-24,112.0,4
2024-04-25,92.0,4
2024-04-26,78.0,4
2024-04-27,93.0,4
2024-04-28,93.0,4
2024-04-29,83.0,4
2024-04-30,89.0,4
2024-05-01,91.0,5
2024-05-02,108.0,5
2024-05-03,122.0,5
2024-05-04,115.0,5
2024-05-05,122.0,5
2024-05-06,118.0,5
2024-05-07,118.0,5
2024-05-08,118.0,5
2024-05-09,131.0,5
2024-05-10,117.0,5
2024-05-11,109.0,5
2024-05-12,112.0,5
2024-05-13,102.0,5
2024-05-14,123.0,5
2024-05-15,122.0,5
2024-05-16,155.0,5
2024-05-17,132.0,5
2024-05-18,138.0,5
2024-05-19,133.0,5
2024-05-20,138.0,5
2024-05-21,151.0,5
2024-05-22,139.0,5
2024-05-23,112.0,5
2024-05-24,102.0,5
2024-05-25,84.0,5
2024-05-26,133.0,5
2024-05-27,128.0,5
2024-05-28,137.0,5
2024-05-29,127.0,5
2024-05-30,136.0,5
2024-05-31,144.0,5
2024-06-01,148.0,6
2024-06-02,121.0,6
2024-06-03,73.0,6
2024-06-04,124.0,6
2024-06-05,123.0,6
2024-06-06,116.0,6
2024-06-07,114.0,6
2024-06-08,128.0,6
2024-06-09,140.0,6
2024-06-10,106.0,6
2024-06-11,126.0,6
2024-06-12,111.0,6
2024-06-13,105.0,6
2024-06-14,114.0,6
2024-06-15,140.0,6
2024-06-16,91.0,6
2024-06-17,138.0,6
2024-06-18,166.0,6
2024-06-19,160.0,6
2024-06-20,161.0,6
2024-06-21,163.0,6
2024-06-22,164.0,6
2024-06-23,148.0,6
2024-06-24,156.0,6
2024-06-25,137.0,6
2024-06-26,138.0,6
2024-06-27,134.0,6
2024-06-28,125.0,6
2024-06-29,131.0,6
2024-06-30,103.0,6
2024-07-01,139.0,7
2024-07-02,128.0,7
2024-07-03,152.0,7
2024-07-04,167.0,7
2024-07-05,130.0,7
2024-07-06,71.0,7
2024-07-07,75.0,7
2024-07-08,111.0,7
2024-07-09,129.0,7
2024-07-10,155.0,7
2024-07-11,167.0,7
2024-07-12,158.0,7
2024-07-13,176.0,7
2024-07-14,159.0,7
2024-07-15,163.0,7
2024-07-16,159.0,7
2024-07-17,162.0,7
2024-07-18,158.0,7
2024-07-19,157.0,7
2024-07-20,164.0,7
2024-07-21,148.0,7
2024-07-22,187.0,7
2024-07-23,160.0,7
2024-07-24,185.0,7
2024-07-25,144.0,7
2024-07-26,169.0,7
2024-07-27,163.0,7
2024-07-28,166.0,7
2024-07-29,159.0,7
2024-07-30,176.0,7
2024-07-31,175.0,7
2024-08-01,166.0,8
2024-08-02,122.0,8
2024-08-03,125.0,8
2024-08-04,142.0,8
2024-08-05,140.0,8
2024-08-06,148.0,8
2024-08-07,157.0,8
2024-08-08,162.0,8
2024-08-09,161.0,8
2024-08-10,147.0,8
2024-08-11,140.0,8
2024-08-12,150.0,8
2024-08-13,175.0,8
2024-08-14,166.0,8
2024-08-15,156.0,8
2024-08-16,162.0,8
2024-08-17,125.0,8
2024-08-18,149.0,8
2024-08-19,154.0,8
2024-08-20,158.0,8
2024-08-21,160.0,8
2024-08-22,150.0,8
2024-08-23,146.0,8
2024-08-24,167.0,8
2024-08-25,125.0,8
2024-08-26,149.0,8
2024-08-27,171.0,8
2024-08-28,157.0,8
2024-08-29,166.0,8
2024-08-30,147.0,8
2024-08-31,140.0,8
2024-09-01,141.0,9
2024-09-02,135.0,9
2024-09-03,153.0,9
2024-09-04,131.0,9
2024-09-05,133.0,9
2024-09-06,143.0,9
2024-09-07,140.0,9
2024-09-08,135.0,9
2024-09-09,116.0,9
2024-09-10,125.0,9
2024-09-11,116.0,9
2024-09-12,153.0,9
2024-09-13,113.0,9
2024-09-14,151.0,9
2024-09-15,137.0,9
2024-09-16,149.0,9
2024-09-17,138.0,9
2024-09-18,145.0,9
2024-09-19,146.0,9
2024-09-20,149.0,9
2024-09-21,162.0,9
2024-09-22,157.0,9
2024-09-23,146.0,9
2024-09-24,139.0,9
2024-09-25,139.0,9
2024-09-26,142.0,9
2024-09-27,132.0,9
2024-09-28,141.0,9
2024-09-29,145.0,9
2024-09-30,127.0,9
2024-10-01,160.0,10
2024-10-02,152.0,10
2024-10-03,155.0,10
2024-10-04,151.0,10
2024-10-05,146.0,10
2024-10-06,142.0,10
2024-10-07,158.0,10
2024-10-08,150.0,10
2024-10-09,150.0,10
2024-10-10,158.0,10
2024-10-11,151.0,10
2024-10-12,149.0,10
2024-10-13,143.0,10
2024-10-14,154.0,10
2024-10-15,143.0,10
2024-10-16,162.0,10
2024-10-17,129.0,10
2024-10-18,147.0,10
2024-10-19,153.0,10
2024-10-20,110.0,10
2024-10-21,143.0,10
2024-10-22,160.0,10
2024-10-23,144.0,10
2024-10-24,113.0,10
2024-10-25,133.0,10
2024-10-26,139.0,10
2024-10-27,140.0,10
2024-10-28,149.0,10
2024-10-29,142.0,10
2024-10-30,158.0,10
2024-10-31,147.0,10
2024-11-01,161.0,11
2024-11-02,132.0,11
2024-11-03,126.0,11
2024-11-04,103.0,11
2024-11-05,116.0,11
2024-11-06,111.0,11
2024-11-07,154.0,11
2024-11-08,151.0,11
2024-11-09,156.0,11
2024-11-10,135.0,11
2024-11-11,123.0,11
2024-11-12,109.0,11
2024-11-13,128.0,11
2024-11-14,161.0,11
2024-11-15,164.0,11
2024-11-16,166.0,11
2024-11-17,163.0,11
2024-11-18,105.0,11
2024-11-19,121.0,11
2024-11-20,120.0,11
2024-11-21,114.0,11
2024-11-22,66.0,11
2024-11-23,82.0,11
2024-11-24,73.0,11
2024-11-25,82.0,11
2024-11-26,118.0,11
2024-11-27,82.0,11
2024-11-28,75.0,11
2024-11-29,57.0,11
2024-11-30,63.0,11
2024-12-01,56.0,12
2024-12-02,52.0,12
2024-12-03,19.0,12
2024-12-04,50.0,12
2024-12-05,68.0,12
2024-12-06,86.0,12
2024-12-07,135.0,12
2024-12-08,93.0,12
2024-12-09,93.0,12
2024-12-16,65.0,12
2024-12-17,70.0,12
2024-12-18,52.0,12
2024-12-19,69.0,12
2024-12-20,85.0,12
2024-12-21,73.0,12
2024-12-22,82.0,12
2024-12-23,93.0,12
2024-12-24,81.0,12
2024-12-25,93.0,12
2024-12-26,80.0,12
2024-12-27,123.0,12
2024-12-28,97.0,12
2024-12-29,94.0,12
2025-01-01,69.0,1
2025-01-02,68.0,1
2025-01-03,82.0,1
2025-01-04,69.0,1
2025-01-05,79.0,1
2025-01-06,105.0,1
2025-01-07,74.0,1
2025-01-08,57.0,1
2025-01-09,55.0,1
2025-01-10,114.0,1
2025-01-11,109.0,1
2025-01-12,68.0,1
2025-01-13,72.0,1
2025-01-14,64.0,1
2025-01-15,86.0,1
2025-01-16,79.0,1
2025-01-17,73.0,1
2025-01-18,45.0,1
2025-01-19,76.0,1
2025-01-20,60.0,1
2025-01-21,86.0,1
2025-01-22,85.0,1
2025-01-23,83.0,1
2025-01-24,107.0,1
2025-01-25,93.0,1
2025-01-26,74.0,1
2025-01-27,70.0,1
2025-01-28,68.0,1
2025-01-29,49.0,1
2025-01-30,78.0,1
2025-01-31,101.0,1
2025-02-01,94.0,2
2025-02-02,90.0,2
2025-02-03,90.0,2
2025-02-04,127.0,2
2025-02-05,95.0,2
2025-02-06,86.0,2
2025-02-07,96.0,2
2025-02-08,74.0,2
2025-02-09,68.0,2
2025-02-10,74.0,2
2025-02-11,91.0,2
2025-02-12,144.0,2
2025-02-13,124.0,2
2025-02-14,97.0,2
2025-02-15,75.0,2
2025-02-16,91.0,2
2025-02-17,87.0,2
2025-02-18,121.0,2
2025-02-19,82.0,2
2025-02-20,76.0,2
2025-02-21,127.0,2
2025-02-22,96.0,2
2025-02-23,91.0,2
2025-02-24,77.0,2
2025-02-25,113.0,2
2025-02-26,109.0,2
2025-02-27,125.0,2
2025-02-28,81.0,2
2025-03-01,93.0,3
2025-03-02,98.0,3
2025-03-03,87.0,3
2025-03-04,75.0,3
2025-03-05,108.0,3
2025-03-06,115.0,3
2025-03-07,58.0,3
2025-03-08,110.0,3
2025-03-09,99.0,3
2025-03-10,134.0,3
2025-03-11,79.0,3
2025-03-12,70.0,3
2025-03-13,82.0,3
2025-03-14,53.0,3
2025-03-15,43.0,3
2025-03-16,36.0,3
2025-03-17,51.0,3
2025-03-18,46.0,3
2025-03-19,58.0,3
2025-03-20,57.0,3
2025-03-21,45.0,3
2025-03-22,74.0,3
2025-03-23,55.0,3
2025-03-24,53.0,3
2025-03-25,39.0,3
2025-03-26,110.0,3
2025-03-27,90.0,3
2025-03-28,30.0,3
2025-03-29,13.0,3
2025-03-30,44.0,3
2025-03-31,34.0,3
2025-04-01,40.0,4
2025-04-02,30.0,4
2025-04-03,59.0,4
2025-04-04,60.0,4
2025-04-05,85.0,4
2025-04-06,86.0,4
2025-04-07,73.0,4
2025-04-08,78.0,4
2025-04-09,103.0,4
2025-04-10,98.0,4
2025-04-11,131.0,4
2025-04-12,97.0,4
2025-04-13,84.0,4
2025-04-14,43.0,4
2025-04-15,64.0,4
2025-04-16,112.0,4
2025-04-17,102.0,4
2025-04-18,90.0,4
2025-04-19,25.0,4
2025-04-20,54.0,4
2025-04-21,73.0,4
2025-04-22,90.0,4
2025-04-23,66.0,4
2025-04-24,49.0,4
2025-04-25,84.0,4
2025-04-26,108.0,4
2025-04-27,103.0,4
2025-04-28,79.0,4
2025-04-29,94.0,4
2025-04-30,109.0,4
2025-05-01,125.0,5
2025-05-02,109.0,5
2025-05-03,112.0,5
2025-05-04,103.0,5
2025-05-05,113.0,5
2025-05-06,117.0,5
2025-05-07,108.0,5
2025-05-08,123.0,5
2025-05-09,104.0,5
2025-05-10,137.0,5
2025-05-11,106.0,5
2025-05-12,59.0,5
2025-05-13,70.0,5
2025-05-14,102.0,5
